event_id,match_code,round,team_key,is_home,xg_raw,xg_weighted,xg_reduction_pct,n_shots,n_decided,xg_level,xg_d2,xg_d3plus
15525984,EOsvP,1,botafogo-sp,True,2.6021,1.4469,44.4,15,9,0.8938,0.5042,1.2041
15525984,EOsvP,1,fortaleza,False,0.3296,0.2414,26.8,7,4,0.212,0.0,0.1175
15525985,xPsokeb,1,novorizontino,True,2.3431,1.4257,39.2,24,15,0.972,0.4438,0.9273
15525985,xPsokeb,1,londrina,False,1.3811,1.2488,9.6,11,3,1.1223,0.2473,0.0115
15525986,uOsAfMc,1,athletic-club,True,1.0186,1.0186,0.0,17,0,1.0186,0.0,0.0
15525986,uOsAfMc,1,ponte-preta,False,0.7702,0.7702,0.0,10,0,0.7702,0.0,0.0
15525987,oWcsJRp,1,operario-pr,True,2.7505,2.7505,0.0,17,0,2.7505,0.0,0.0
15525987,oWcsJRp,1,atletico-go,False,0.6064,0.6064,0.0,9,0,0.6064,0.0,0.0
15525988,bPseau,1,ceara,True,1.7729,1.7729,0.0,21,0,1.7729,0.0,0.0
15525988,bPseau,1,sao-bernardo,False,0.3064,0.3064,0.0,4,0,0.3064,0.0,0.0
15525989,kOsyO,1,goias,True,1.9548,1.8564,5.0,9,5,1.758,0.1967,0.0
15525989,kOsyO,1,america-mg,False,1.7713,0.956,46.0,24,17,0.431,0.7596,0.5807
15525991,FOspWc,1,avai,True,0.9646,0.9646,0.0,16,0,0.9646,0.0,0.0
15525991,FOspWc,1,juventude,False,0.7381,0.6029,18.3,8,5,0.4677,0.2704,0.0
15525992,JOslP,1,nautico,True,0.7696,0.7696,0.0,10,0,0.7696,0.0,0.0
15525992,JOslP,1,criciuma,False,1.115,1.115,0.0,9,0,1.115,0.0,0.0
15525993,jOscJu,1,cuiaba,True,1.5985,1.5985,0.0,13,0,1.5985,0.0,0.0
15525993,jOscJu,1,sport,False,0.9164,0.9164,0.0,10,0,0.9164,0.0,0.0
15525994,wPsHPi,1,vila-nova,True,0.8038,0.8038,0.0,8,0,0.8038,0.0,0.0
15525994,wPsHPi,1,clube-de-regatas-brasil,False,1.1507,1.1507,0.0,12,0,1.1507,0.0,0.0
15525995,uOsbP,2,ponte-preta,True,1.6855,1.6855,0.0,9,0,1.6855,0.0,0.0
15525995,uOsbP,2,ceara,False,2.2408,2.2408,0.0,14,0,2.2408,0.0,0.0
15525996,JRpseau,2,sao-bernardo,True,0.9288,0.9288,0.0,16,0,0.9288,0.0,0.0
15525996,JRpseau,2,operario-pr,False,0.9473,0.9473,0.0,15,0,0.9473,0.0,0.0
15525997,yOsEO,2,america-mg,True,1.1887,1.1887,0.0,14,0,1.1887,0.0,0.0
15525997,yOsEO,2,botafogo-sp,False,1.1179,1.1179,0.0,13,0,1.1179,0.0,0.0
15525998,kOsxP,2,londrina,True,1.6219,1.6219,0.0,8,0,1.6219,0.0,0.0
15525998,kOsxP,2,goias,False,2.1928,2.1928,0.0,15,0,2.1928,0.0,0.0
15525999,vPscJu,2,fortaleza,True,0.5424,0.5424,0.0,15,0,0.5424,0.0,0.0
15525999,vPscJu,2,cuiaba,False,0.0607,0.0607,0.0,4,0,0.0607,0.0,0.0
15526000,lPsoWc,2,atletico-go,True,1.4689,1.4689,0.0,11,0,1.4689,0.0,0.0
15526000,lPsoWc,2,nautico,False,0.8164,0.8164,0.0,9,0,0.8164,0.0,0.0
15526001,JOsAfMc,2,criciuma,True,2.8125,2.8125,0.0,32,0,2.8125,0.0,0.0
15526001,JOsAfMc,2,athletic-club,False,1.015,1.015,0.0,7,0,1.015,0.0,0.0
15526002,jOswP,2,sport,True,0.6831,0.6831,0.0,10,0,0.6831,0.0,0.0
15526002,jOswP,2,vila-nova,False,1.6436,1.6436,0.0,16,0,1.6436,0.0,0.0
15526003,pWcsHPi,2,clube-de-regatas-brasil,True,1.5599,1.5599,0.0,27,0,1.5599,0.0,0.0
15526003,pWcsHPi,2,avai,False,0.5368,0.5368,0.0,15,0,0.5368,0.0,0.0
15526004,FOsokeb,2,juventude,True,0.6765,0.6765,0.0,13,0,0.6765,0.0,0.0
15526004,FOsokeb,2,novorizontino,False,0.2789,0.2789,0.0,9,0,0.2789,0.0,0.0
15526005,EOseau,3,botafogo-sp,True,1.2168,1.2168,0.0,16,0,1.2168,0.0,0.0
15526005,EOseau,3,sao-bernardo,False,1.6217,1.6217,0.0,13,0,1.6217,0.0,0.0
15526006,HPisokeb,3,novorizontino,True,1.1232,1.1232,0.0,19,0,1.1232,0.0,0.0
15526006,HPisokeb,3,clube-de-regatas-brasil,False,1.6057,1.6057,0.0,11,0,1.6057,0.0,0.0
15526007,yOsAfMc,3,athletic-club,True,1.4356,1.4356,0.0,10,0,1.4356,0.0,0.0
15526007,yOsAfMc,3,america-mg,False,1.9494,1.9494,0.0,20,0,1.9494,0.0,0.0
15526008,jOsxP,3,londrina,True,0.8601,0.8601,0.0,13,0,0.8601,0.0,0.0
15526008,jOsxP,3,sport,False,2.2325,2.2325,0.0,16,0,2.2325,0.0,0.0
15526009,FOsvP,3,fortaleza,True,1.7105,1.6462,3.8,11,2,1.5819,0.1286,0.0
15526009,FOsvP,3,juventude,False,1.0524,0.9465,10.1,18,3,0.8407,0.2117,0.0
15526010,kOsJO,3,goias,True,1.3207,1.3207,0.0,13,0,1.3207,0.0,0.0
15526010,kOsJO,3,criciuma,False,0.7391,0.7391,0.0,9,0,0.7391,0.0,0.0
15526011,pWcsJRp,3,avai,True,1.1487,1.1487,0.0,13,0,1.1487,0.0,0.0
15526011,pWcsJRp,3,operario-pr,False,0.1545,0.1545,0.0,6,0,0.1545,0.0,0.0
15526012,uOslP,3,nautico,True,2.3986,2.3986,0.0,23,0,2.3986,0.0,0.0
15526012,uOslP,3,ponte-preta,False,0.5592,0.5592,0.0,4,0,0.5592,0.0,0.0
15526013,bPscJu,3,cuiaba,True,2.5215,1.8827,25.3,16,7,1.2439,1.2776,0.0
15526013,bPscJu,3,ceara,False,1.3583,1.3205,2.8,7,1,1.2827,0.0756,0.0
15526014,wPsoWc,3,vila-nova,True,2.1963,2.1963,0.0,17,0,2.1963,0.0,0.0
15526014,wPsoWc,3,atletico-go,False,1.5294,1.5294,0.0,10,0,1.5294,0.0,0.0
15526015,uOswP,4,ponte-preta,True,1.8286,1.8286,0.0,17,0,1.8286,0.0,0.0
15526015,uOswP,4,vila-nova,False,0.7698,0.7698,0.0,14,0,0.7698,0.0,0.0
15526016,vPseau,4,sao-bernardo,True,1.4222,1.4222,0.0,15,0,1.4222,0.0,0.0
15526016,vPseau,4,fortaleza,False,1.4915,1.4915,0.0,17,0,1.4915,0.0,0.0
15526017,yOsokeb,4,america-mg,True,0.3364,0.2881,14.3,6,2,0.2399,0.0965,0.0
15526017,yOsokeb,4,novorizontino,False,1.7232,1.3794,20.0,15,5,1.113,0.4554,0.1548
15526018,JRpscJu,4,operario-pr,True,0.9759,0.9759,0.0,13,0,0.9759,0.0,0.0
15526018,JRpscJu,4,cuiaba,False,0.4254,0.4254,0.0,11,0,0.4254,0.0,0.0
15526019,bPslP,4,ceara,True,1.5608,1.5608,0.0,10,0,1.5608,0.0,0.0
15526019,bPslP,4,nautico,False,0.8015,0.8015,0.0,15,0,0.8015,0.0,0.0
15526020,xPsoWc,4,atletico-go,True,2.7101,2.7101,0.0,17,0,2.7101,0.0,0.0
15526020,xPsoWc,4,londrina,False,0.4401,0.3831,12.9,6,1,0.3261,0.114,0.0
15526021,EOsJO,4,criciuma,True,1.6268,1.6268,0.0,12,0,1.6268,0.0,0.0
15526021,EOsJO,4,botafogo-sp,False,0.6538,0.6538,0.0,12,0,0.6538,0.0,0.0
15526022,jOspWc,4,sport,True,3.4539,3.4539,0.0,21,0,3.4539,0.0,0.0
15526022,jOspWc,4,avai,False,1.7949,1.7949,0.0,16,0,1.7949,0.0,0.0
15526023,HPisAfMc,4,clube-de-regatas-brasil,True,1.5283,1.5283,0.0,11,0,1.5283,0.0,0.0
15526023,HPisAfMc,4,athletic-club,False,1.6744,1.6005,4.4,12,1,1.5266,0.1478,0.0
15526024,kOsFO,4,juventude,True,0.5466,0.4602,15.8,10,2,0.3739,0.1727,0.0
15526024,kOsFO,4,goias,False,0.2845,0.2594,8.8,5,2,0.2343,0.0503,0.0
15526025,EOsoWc,5,botafogo-sp,True,1.0184,1.0184,0.0,12,0,1.0184,0.0,0.0
15526025,EOsoWc,5,atletico-go,False,1.2352,1.2352,0.0,10,0,1.2352,0.0,0.0
15526026,okebsAfMc,5,novorizontino,True,1.9873,1.9873,0.0,20,0,1.9873,0.0,0.0
15526026,okebsAfMc,5,athletic-club,False,0.7887,0.7887,0.0,7,0,0.7887,0.0,0.0
15526027,jOsyO,5,america-mg,True,1.2596,1.2596,0.0,17,0,1.2596,0.0,0.0
15526027,jOsyO,5,sport,False,0.3517,0.3517,0.0,9,0,0.3517,0.0,0.0
15526028,bPsxP,5,londrina,True,1.0483,1.0483,0.0,18,0,1.0483,0.0,0.0
15526028,bPsxP,5,ceara,False,1.1222,1.1222,0.0,13,0,1.1222,0.0,0.0
15526029,JOsvP,5,fortaleza,True,0.5518,0.5518,0.0,14,0,0.5518,0.0,0.0
15526029,JOsvP,5,criciuma,False,0.8462,0.8462,0.0,6,0,0.8462,0.0,0.0
15526030,kOscJu,5,goias,True,0.288,0.2036,29.3,8,3,0.1192,0.1688,0.0
15526030,kOscJu,5,cuiaba,False,1.3935,1.3935,0.0,11,0,1.3935,0.0,0.0
15526031,uOspWc,5,avai,True,0.6454,0.6454,0.0,12,0,0.6454,0.0,0.0
15526031,uOspWc,5,ponte-preta,False,2.3878,2.3878,0.0,12,0,2.3878,0.0,0.0
15526032,lPseau,5,nautico,True,2.239,2.2121,1.2,18,2,2.2032,0.0,0.0358
15526032,lPseau,5,sao-bernardo,False,1.4549,1.4086,3.2,11,3,1.3753,0.0535,0.0261
15526033,FOsHPi,5,clube-de-regatas-brasil,True,1.1717,1.1717,0.0,15,0,1.1717,0.0,0.0
15526033,FOsHPi,5,juventude,False,1.4604,1.4604,0.0,8,0,1.4604,0.0,0.0
15526034,wPsJRp,5,vila-nova,True,1.2822,1.2822,0.0,10,0,1.2822,0.0,0.0
15526034,wPsJRp,5,operario-pr,False,1.0093,1.0093,0.0,7,0,1.0093,0.0,0.0
15526035,uOsyO,6,ponte-preta,True,0.8768,0.8768,0.0,10,0,0.8768,0.0,0.0
15526035,uOsyO,6,america-mg,False,0.934,0.934,0.0,11,0,0.934,0.0,0.0
15526037,kOseau,6,sao-bernardo,True,2.7087,2.7087,0.0,13,0,2.7087,0.0,0.0
15526037,kOseau,6,goias,False,1.5791,1.5791,0.0,16,0,1.5791,0.0,0.0
15526039,vPsJRp,6,operario-pr,True,0.5904,0.5904,0.0,21,0,0.5904,0.0,0.0
15526039,vPsJRp,6,fortaleza,False,0.6646,0.6646,0.0,12,0,0.6646,0.0,0.0
15526040,bPswP,6,ceara,True,1.4612,1.4612,0.0,8,0,1.4612,0.0,0.0
15526040,bPswP,6,vila-nova,False,1.9869,1.4118,28.9,11,3,0.8366,1.1503,0.0
15526041,oWcspWc,6,atletico-go,True,1.7181,1.7181,0.0,16,0,1.7181,0.0,0.0
15526041,oWcspWc,6,avai,False,0.8996,0.8996,0.0,8,0,0.8996,0.0,0.0
15526042,JOsHPi,6,criciuma,True,1.6562,1.4615,11.8,17,6,1.2669,0.3893,0.0
15526042,JOsHPi,6,clube-de-regatas-brasil,False,1.4919,0.8415,43.6,17,11,0.1912,1.3007,0.0
15526043,jOsokeb,6,sport,True,1.5,1.5,0.0,10,0,1.5,0.0,0.0
15526043,jOsokeb,6,novorizontino,False,0.6477,0.6477,0.0,10,0,0.6477,0.0,0.0
15526044,EOscJu,6,cuiaba,True,1.0783,1.0783,0.0,17,0,1.0783,0.0,0.0
15526044,EOscJu,6,botafogo-sp,False,1.3368,1.3368,0.0,10,0,1.3368,0.0,0.0
15526045,FOsxP,6,juventude,True,0.809,0.809,0.0,8,0,0.809,0.0,0.0
15526045,FOsxP,6,londrina,False,0.4508,0.4508,0.0,13,0,0.4508,0.0,0.0
16023898,lPsAfMc,6,athletic-club,True,0.7593,0.7593,0.0,9,0,0.7593,0.0,0.0
16023898,lPsAfMc,6,nautico,False,0.8683,0.8683,0.0,15,0,0.8683,0.0,0.0
15526047,EOslP,7,botafogo-sp,True,1.1852,1.1852,0.0,10,0,1.1852,0.0,0.0
15526047,EOslP,7,nautico,False,0.9522,0.9522,0.0,14,0,0.9522,0.0,0.0
15526048,uOseau,7,sao-bernardo,True,1.6865,1.2587,25.4,11,2,0.8533,0.7884,0.0447
15526048,uOseau,7,ponte-preta,False,0.5567,0.4323,22.4,11,4,0.3868,0.0122,0.1578
15526049,yOsHPi,7,america-mg,True,0.8389,0.8389,0.0,9,0,0.8389,0.0,0.0
15526049,yOsHPi,7,clube-de-regatas-brasil,False,1.6098,1.6098,0.0,16,0,1.6098,0.0,0.0
15526050,xPsJRp,7,operario-pr,True,1.5001,1.2704,15.3,14,9,1.1207,0.2195,0.1599
15526050,xPsJRp,7,londrina,False,0.4736,0.2827,40.3,10,7,0.181,0.114,0.1786
15526051,kOsvP,7,fortaleza,True,1.7873,1.4814,17.1,17,5,1.1755,0.6118,0.0
15526051,kOsvP,7,goias,False,0.814,0.814,0.0,10,0,0.814,0.0,0.0
15526052,FOsoWc,7,atletico-go,True,1.7752,1.7752,0.0,16,0,1.7752,0.0,0.0
15526052,FOsoWc,7,juventude,False,0.3384,0.3384,0.0,5,0,0.3384,0.0,0.0
15526057,pWcsokeb,7,avai,True,1.9803,1.9803,0.0,17,0,1.9803,0.0,0.0
15526057,pWcsokeb,7,novorizontino,False,2.0259,2.0259,0.0,10,0,2.0259,0.0,0.0
15526072,jOsbP,7,sport,True,1.9871,1.9871,0.0,16,0,1.9871,0.0,0.0
15526072,jOsbP,7,ceara,False,0.5346,0.5346,0.0,10,0,0.5346,0.0,0.0
15526073,JOscJu,7,cuiaba,True,0.8541,0.8541,0.0,9,0,0.8541,0.0,0.0
15526073,JOscJu,7,criciuma,False,0.7161,0.7161,0.0,9,0,0.7161,0.0,0.0
15526074,wPsAfMc,7,vila-nova,True,1.7701,1.7701,0.0,23,0,1.7701,0.0,0.0
15526074,wPsAfMc,7,athletic-club,False,1.0447,1.0447,0.0,2,0,1.0447,0.0,0.0
15526075,jOsuO,8,ponte-preta,True,2.2672,2.2672,0.0,16,0,2.2672,0.0,0.0
15526075,jOsuO,8,sport,False,1.5217,1.5217,0.0,10,0,1.5217,0.0,0.0
15526076,EOsokeb,8,novorizontino,True,1.0607,1.0607,0.0,9,0,1.0607,0.0,0.0
15526076,EOsokeb,8,botafogo-sp,False,0.2332,0.2332,0.0,6,0,0.2332,0.0,0.0
15526078,cJusAfMc,8,athletic-club,True,0.7765,0.7765,0.0,8,0,0.7765,0.0,0.0
15526078,cJusAfMc,8,cuiaba,False,0.373,0.373,0.0,7,0,0.373,0.0,0.0
15526080,bPsoWc,8,ceara,True,2.1019,2.1019,0.0,32,0,2.1019,0.0,0.0
15526080,bPsoWc,8,atletico-go,False,1.5414,1.5414,0.0,5,0,1.5414,0.0,0.0
15526081,kOswP,8,goias,True,1.3542,1.3542,0.0,12,0,1.3542,0.0,0.0
15526081,kOswP,8,vila-nova,False,0.4635,0.4635,0.0,11,0,0.4635,0.0,0.0
15526082,vPspWc,8,avai,True,1.6004,1.6004,0.0,20,0,1.6004,0.0,0.0
15526082,vPspWc,8,fortaleza,False,0.625,0.625,0.0,9,0,0.625,0.0,0.0
15526083,yOslP,8,nautico,True,1.2699,0.7511,40.9,18,9,0.3062,0.8158,0.148
15526083,yOslP,8,america-mg,False,0.1799,0.1252,30.4,5,1,0.1069,0.0,0.073
15526084,HPisJRp,8,clube-de-regatas-brasil,True,1.3408,0.9757,27.2,15,8,0.699,0.4649,0.1769
15526084,HPisJRp,8,operario-pr,False,0.3787,0.0973,74.3,8,8,0.0,0.0106,0.3681
15526085,FOsJO,8,juventude,True,2.0911,2.0911,0.0,15,0,2.0911,0.0,0.0
15526085,FOsJO,8,criciuma,False,1.0152,1.0152,0.0,14,0,1.0152,0.0,0.0
16127067,xPseau,8,londrina,True,0.6718,0.3499,47.9,13,10,0.0783,0.4928,0.1007
16127067,xPseau,8,sao-bernardo,False,0.6936,0.6641,4.3,8,2,0.6426,0.0349,0.0161
15526086,uOsxP,9,ponte-preta,True,1.2306,0.8197,33.4,16,5,0.5817,0.3032,0.3457
15526086,uOsxP,9,londrina,False,2.4642,2.0227,17.9,19,5,1.6839,0.5751,0.2052
15526087,yOseau,9,sao-bernardo,True,1.2805,1.2805,0.0,15,0,1.2805,0.0,0.0
15526087,yOseau,9,america-mg,False,0.5464,0.5464,0.0,11,0,0.5464,0.0,0.0
15526088,FOsAfMc,9,athletic-club,True,1.293,1.293,0.0,18,0,1.293,0.0,0.0
15526088,FOsAfMc,9,juventude,False,0.8339,0.8339,0.0,10,0,0.8339,0.0,0.0
15526089,lPsJRp,9,operario-pr,True,2.9518,1.9753,33.1,17,3,1.4129,0.7107,0.8282
15526089,lPsJRp,9,nautico,False,2.3073,1.8809,18.5,18,6,1.6052,0.4007,0.3014
15526090,bPsvP,9,ceara,True,1.195,1.195,0.0,10,0,1.195,0.0,0.0
15526090,bPsvP,9,fortaleza,False,1.6818,1.6818,0.0,17,0,1.6818,0.0,0.0
15526091,kOsEO,9,goias,True,0.749,0.749,0.0,17,0,0.749,0.0,0.0
15526091,kOsEO,9,botafogo-sp,False,0.2924,0.2924,0.0,7,0,0.2924,0.0,0.0
15526092,JOsoWc,9,criciuma,True,1.0236,1.0236,0.0,13,0,1.0236,0.0,0.0
15526092,JOsoWc,9,atletico-go,False,1.2965,1.2965,0.0,18,0,1.2965,0.0,0.0
15526093,jOsHPi,9,sport,True,0.8966,0.8966,0.0,13,0,0.8966,0.0,0.0
15526093,jOsHPi,9,clube-de-regatas-brasil,False,1.6014,1.6014,0.0,12,0,1.6014,0.0,0.0
15526094,cJusokeb,9,cuiaba,True,1.2887,1.2887,0.0,22,0,1.2887,0.0,0.0
15526094,cJusokeb,9,novorizontino,False,0.9188,0.9188,0.0,10,0,0.9188,0.0,0.0
15526095,wPspWc,9,vila-nova,True,1.2796,1.2189,4.7,14,3,1.1582,0.1214,0.0
15526095,wPspWc,9,avai,False,0.6643,0.3485,47.5,7,6,0.0327,0.6317,0.0
15526097,EOsAfMc,10,botafogo-sp,True,1.372,1.372,0.0,12,0,1.372,0.0,0.0
15526097,EOsAfMc,10,athletic-club,False,1.0145,1.0145,0.0,8,0,1.0145,0.0,0.0
15526098,bPsokeb,10,novorizontino,True,0.9385,0.9385,0.0,15,0,0.9385,0.0,0.0
15526098,bPsokeb,10,ceara,False,0.5194,0.5194,0.0,5,0,0.5194,0.0,0.0
15526099,yOswP,10,america-mg,True,1.9633,1.9633,0.0,17,0,1.9633,0.0,0.0
15526099,yOswP,10,vila-nova,False,0.8025,0.8025,0.0,12,0,0.8025,0.0,0.0
15526100,JOsJRp,10,operario-pr,True,1.3564,1.3564,0.0,20,0,1.3564,0.0,0.0
15526100,JOsJRp,10,criciuma,False,0.7536,0.7536,0.0,13,0,0.7536,0.0,0.0
15526101,vPsxP,10,fortaleza,True,2.3007,1.8719,18.6,17,6,1.4431,0.8576,0.0
15526101,vPsxP,10,londrina,False,0.2276,0.1927,15.3,9,4,0.1579,0.0697,0.0
15526102,oWcseau,10,atletico-go,True,1.0787,1.0787,0.0,17,0,1.0787,0.0,0.0
15526102,oWcseau,10,sao-bernardo,False,1.82,1.82,0.0,11,0,1.82,0.0,0.0
15526103,kOspWc,10,avai,True,0.4991,0.4991,0.0,7,0,0.4991,0.0,0.0
15526103,kOspWc,10,goias,False,2.225,1.9617,11.8,12,2,1.6984,0.5266,0.0
15526104,lPscJu,10,nautico,True,1.8528,1.8528,0.0,10,0,1.8528,0.0,0.0
15526104,lPscJu,10,cuiaba,False,0.3642,0.3642,0.0,7,0,0.3642,0.0,0.0
15526105,uOsHPi,10,clube-de-regatas-brasil,True,1.6496,1.4664,11.1,33,4,1.2831,0.3665,0.0
15526105,uOsHPi,10,ponte-preta,False,0.5958,0.5641,5.3,10,2,0.5324,0.0633,0.0
15526106,jOsFO,10,juventude,True,1.0639,1.0639,0.0,16,0,1.0639,0.0,0.0
15526106,jOsFO,10,sport,False,0.6948,0.6948,0.0,10,0,0.6948,0.0,0.0
15526108,eausokeb,11,sao-bernardo,True,1.7811,1.7811,0.0,11,0,1.7811,0.0,0.0
15526108,eausokeb,11,novorizontino,False,1.0352,1.0352,0.0,10,0,1.0352,0.0,0.0
15526109,vPsAfMc,11,athletic-club,True,0.8202,0.8202,0.0,12,0,0.8202,0.0,0.0
15526109,vPsAfMc,11,fortaleza,False,1.22,1.22,0.0,14,0,1.22,0.0,0.0
15526113,JOspWc,11,avai,True,0.5538,0.5538,0.0,11,0,0.5538,0.0,0.0
15526113,JOspWc,11,criciuma,False,1.1093,1.1093,0.0,17,0,1.1093,0.0,0.0
15526114,jOslP,11,sport,True,2.2066,2.2066,0.0,8,0,2.2066,0.0,0.0
15526114,jOslP,11,nautico,False,1.1731,1.1731,0.0,19,0,1.1731,0.0,0.0
15526116,yOsFO,11,juventude,True,2.0641,2.0641,0.0,16,0,2.0641,0.0,0.0
15526116,yOsFO,11,america-mg,False,0.8093,0.8093,0.0,16,0,0.8093,0.0,0.0
