season,competition,round,event_id,match_code,match_label,home_team,away_team,goal_incident_id,scorer_name,goal_minute,goal_added_time,home_score_after,away_score_after,sequence_order,player_name,player_id,player_position,action_type,is_assist,from_x,from_y,to_x,to_y,is_home,transformed_at
2026,Copa Betano do Brasil,4,15730737,jOsAfMc,Sport Recife x Athletic Club,Sport Recife,Athletic Club,341279061,Ronaldo Tavares,90,6.0,1,3,1,David Braga,1470709,M,pass,True,61.8,20.3,39.9,45.4,False,2026-06-02T14:46:54.005019Z
2026,Copa Betano do Brasil,4,15730737,jOsAfMc,Sport Recife x Athletic Club,Sport Recife,Athletic Club,341279061,Ronaldo Tavares,90,6.0,1,3,2,Ronaldo Tavares,828707,F,ball-movement,False,39.9,45.4,,,False,2026-06-02T14:46:54.005019Z
2026,Copa Betano do Brasil,4,15730737,jOsAfMc,Sport Recife x Athletic Club,Sport Recife,Athletic Club,341279061,Ronaldo Tavares,90,6.0,1,3,3,Ronaldo Tavares,828707,F,goal,False,14.7,47.6,,,False,2026-06-02T14:46:54.005019Z
2026,Copa Betano do Brasil,4,15730737,jOsAfMc,Sport Recife x Athletic Club,Sport Recife,Athletic Club,341278024,Ronaldo Tavares,67,,1,2,1,Gian Cabezas,1099301,M,interception,False,94.8,74.2,,,False,2026-06-02T14:46:54.005019Z
2026,Copa Betano do Brasil,4,15730737,jOsAfMc,Sport Recife x Athletic Club,Sport Recife,Athletic Club,341278024,Ronaldo Tavares,67,,1,2,2,Jhonathan,1467761,D,pass,True,86.7,68.7,42.3,35.4,False,2026-06-02T14:46:54.005019Z
2026,Copa Betano do Brasil,4,15730737,jOsAfMc,Sport Recife x Athletic Club,Sport Recife,Athletic Club,341278024,Ronaldo Tavares,67,,1,2,3,Ronaldo Tavares,828707,F,ball-movement,False,42.3,35.4,,,False,2026-06-02T14:46:54.005019Z
2026,Copa Betano do Brasil,4,15730737,jOsAfMc,Sport Recife x Athletic Club,Sport Recife,Athletic Club,341278024,Ronaldo Tavares,67,,1,2,4,Ronaldo Tavares,828707,F,goal,False,14.6,52.8,,,False,2026-06-02T14:46:54.005019Z
2026,Copa Betano do Brasil,4,15730737,jOsAfMc,Sport Recife x Athletic Club,Sport Recife,Athletic Club,341277896,Iury Castilho,61,,1,1,1,Iury Castilho,795020,F,goal,False,96.9,41.7,,,True,2026-06-02T14:46:54.005019Z
2026,Copa Betano do Brasil,4,15730737,jOsAfMc,Sport Recife x Athletic Club,Sport Recife,Athletic Club,341275071,Dixon Vera,4,,0,1,1,Lucas Belezi,1130040,D,tackle,False,20.7,51.1,,,False,2026-06-02T14:46:54.005019Z
2026,Copa Betano do Brasil,4,15730737,jOsAfMc,Sport Recife x Athletic Club,Sport Recife,Athletic Club,341275071,Dixon Vera,4,,0,1,2,Lucas Belezi,1130040,D,pass,False,26.3,49.3,46.0,50.1,False,2026-06-02T14:46:54.005019Z
2026,Copa Betano do Brasil,4,15730737,jOsAfMc,Sport Recife x Athletic Club,Sport Recife,Athletic Club,341275071,Dixon Vera,4,,0,1,3,Diogo Batista de Souza,1588320,D,pass,False,44.8,53.6,33.0,6.1,False,2026-06-02T14:46:54.005019Z
2026,Copa Betano do Brasil,4,15730737,jOsAfMc,Sport Recife x Athletic Club,Sport Recife,Athletic Club,341275071,Dixon Vera,4,,0,1,4,Ruan Lucas de Assis,1495892,F,ball-movement,False,33.0,6.1,2.2,26.2,False,2026-06-02T14:46:54.005019Z
2026,Copa Betano do Brasil,4,15730737,jOsAfMc,Sport Recife x Athletic Club,Sport Recife,Athletic Club,341275071,Dixon Vera,4,,0,1,5,Ruan Lucas de Assis,1495892,F,pass,False,20.5,16.2,2.2,26.2,False,2026-06-02T14:46:54.005019Z
2026,Copa Betano do Brasil,4,15730737,jOsAfMc,Sport Recife x Athletic Club,Sport Recife,Athletic Club,341275071,Dixon Vera,4,,0,1,6,Ronaldo Tavares,828707,F,pass,True,2.8,26.2,13.8,44.8,False,2026-06-02T14:46:54.005019Z
2026,Copa Betano do Brasil,4,15730737,jOsAfMc,Sport Recife x Athletic Club,Sport Recife,Athletic Club,341275071,Dixon Vera,4,,0,1,7,Dixon Vera,1197424,M,goal,False,13.3,44.5,,,False,2026-06-02T14:46:54.005019Z
2026,Brasileirão Série B,2,15526002,jOswP,Sport Recife x Vila Nova FC,Sport Recife,Vila Nova FC,343216740,Perotti,78,,1,1,1,Perotti,840076,F,pass,False,38.6,57.3,26.6,49.3,True,2026-06-02T14:46:54.005019Z
2026,Brasileirão Série B,2,15526002,jOswP,Sport Recife x Vila Nova FC,Sport Recife,Vila Nova FC,343216740,Perotti,78,,1,1,2,Marcelo Ajul,1634992,D,pass,False,26.6,49.3,35.7,19.5,True,2026-06-02T14:46:54.005019Z
2026,Brasileirão Série B,2,15526002,jOswP,Sport Recife x Vila Nova FC,Sport Recife,Vila Nova FC,343216740,Perotti,78,,1,1,3,Pedro Victor Martins,1106488,M,pass,False,45.0,19.5,70.9,84.0,True,2026-06-02T14:46:54.005019Z
2026,Brasileirão Série B,2,15526002,jOswP,Sport Recife x Vila Nova FC,Sport Recife,Vila Nova FC,343216740,Perotti,78,,1,1,4,Felipinho,1048276,M,cross,True,77.4,84.0,87.8,52.6,True,2026-06-02T14:46:54.005019Z
2026,Brasileirão Série B,2,15526002,jOswP,Sport Recife x Vila Nova FC,Sport Recife,Vila Nova FC,343216740,Perotti,78,,1,1,5,Perotti,840076,F,goal,False,87.8,52.6,,,True,2026-06-02T14:46:54.005019Z
2026,Brasileirão Série B,2,15526002,jOswP,Sport Recife x Vila Nova FC,Sport Recife,Vila Nova FC,343215356,Janderson,59,,0,1,1,Janderson,870898,M,pass,False,23.0,7.1,37.8,7.1,False,2026-06-02T14:46:54.005019Z
2026,Brasileirão Série B,2,15526002,jOswP,Sport Recife x Vila Nova FC,Sport Recife,Vila Nova FC,343215356,Janderson,59,,0,1,2,Willian Formiga,929687,D,pass,False,34.1,12.1,41.3,41.1,False,2026-06-02T14:46:54.005019Z
2026,Brasileirão Série B,2,15526002,jOswP,Sport Recife x Vila Nova FC,Sport Recife,Vila Nova FC,343215356,Janderson,59,,0,1,3,Caio Marcelo,953718,D,pass,False,39.2,43.6,29.1,74.2,False,2026-06-02T14:46:54.005019Z
2026,Brasileirão Série B,2,15526002,jOswP,Sport Recife x Vila Nova FC,Sport Recife,Vila Nova FC,343215356,Janderson,59,,0,1,4,Marquinhos Gabriel,90812,M,pass,False,31.8,78.5,16.8,93.8,False,2026-06-02T14:46:54.005019Z
2026,Brasileirão Série B,2,15526002,jOswP,Sport Recife x Vila Nova FC,Sport Recife,Vila Nova FC,343215356,Janderson,59,,0,1,5,Ryan Lima,1634692,F,cross,True,7.8,81.2,3.8,41.9,False,2026-06-02T14:46:54.005019Z
2026,Brasileirão Série B,2,15526002,jOswP,Sport Recife x Vila Nova FC,Sport Recife,Vila Nova FC,343215356,Janderson,59,,0,1,6,Janderson,870898,M,goal,False,3.8,41.9,,,False,2026-06-02T14:46:54.005019Z
2026,Brasileirão Série B,3,15526008,jOsxP,Londrina x Sport Recife,Londrina,Sport Recife,343667532,Perotti,87,,1,2,1,Zé Marcos,901700,D,pass,False,75.7,4.9,32.3,90.0,False,2026-06-02T14:46:54.005019Z
2026,Brasileirão Série B,3,15526008,jOsxP,Londrina x Sport Recife,Londrina,Sport Recife,343667532,Perotti,87,,1,2,2,Augusto Pucci,2027140,D,cross,True,32.3,90.0,7.0,36.0,False,2026-06-02T14:46:54.005019Z
2026,Brasileirão Série B,3,15526008,jOsxP,Londrina x Sport Recife,Londrina,Sport Recife,343667532,Perotti,87,,1,2,3,Perotti,840076,F,goal,False,5.7,39.7,,,False,2026-06-02T14:46:54.005019Z
2026,Brasileirão Série B,3,15526008,jOsxP,Londrina x Sport Recife,Londrina,Sport Recife,343666335,Chrystian Barletta,67,,1,1,1,Chrystian Barletta,1035765,M,goal,False,11.5,50.0,,,False,2026-06-02T14:46:54.005019Z
2026,Brasileirão Série B,3,15526008,jOsxP,Londrina x Sport Recife,Londrina,Sport Recife,343662632,Bruno Santos,22,,1,0,1,Lucas Marques,796100,M,pass,False,63.2,34.9,77.7,11.4,True,2026-06-02T14:46:54.005019Z
2026,Brasileirão Série B,3,15526008,jOsxP,Londrina x Sport Recife,Londrina,Sport Recife,343662632,Bruno Santos,22,,1,0,2,Vitinho,2125637,M,ball-movement,False,77.7,11.4,,,True,2026-06-02T14:46:54.005019Z
2026,Brasileirão Série B,3,15526008,jOsxP,Londrina x Sport Recife,Londrina,Sport Recife,343662632,Bruno Santos,22,,1,0,3,Vitinho,2125637,M,save,False,87.4,26.7,,,True,2026-06-02T14:46:54.005019Z
2026,Brasileirão Série B,3,15526008,jOsxP,Londrina x Sport Recife,Londrina,Sport Recife,343662632,Bruno Santos,22,,1,0,4,Bruno Santos,1105781,F,goal,False,96.7,57.5,,,True,2026-06-02T14:46:54.005019Z
2026,Brasileirão Série B,4,15526022,jOspWc,Sport Recife x Avaí,Sport Recife,Avaí,344381660,Sorriso,90,6.0,2,2,1,Zé Ricardo,840132,M,pass,True,56.1,68.9,13.8,37.0,False,2026-06-02T14:46:54.005019Z
2026,Brasileirão Série B,4,15526022,jOspWc,Sport Recife x Avaí,Sport Recife,Avaí,344381660,Sorriso,90,6.0,2,2,2,Sorriso,1897879,M,goal,False,5.8,40.1,,,False,2026-06-02T14:46:54.005019Z
2026,Brasileirão Série B,4,15526022,jOspWc,Sport Recife x Avaí,Sport Recife,Avaí,344381519,Carlos De Pena,89,,2,1,1,Marlon,965796,M,cross,True,89.7,10.9,90.8,50.7,True,2026-06-02T14:46:54.005019Z
2026,Brasileirão Série B,4,15526022,jOspWc,Sport Recife x Avaí,Sport Recife,Avaí,344381519,Carlos De Pena,89,,2,1,2,Carlos De Pena,311394,M,goal,False,90.8,50.7,,,True,2026-06-02T14:46:54.005019Z
2026,Brasileirão Série B,4,15526022,jOspWc,Sport Recife x Avaí,Sport Recife,Avaí,344380635,Chrystian Barletta,45,9.0,1,1,1,Chrystian Barletta,1035765,M,goal,False,88.5,50.0,,,True,2026-06-02T14:46:54.005019Z
2026,Brasileirão Série B,4,15526022,jOspWc,Sport Recife x Avaí,Sport Recife,Avaí,344379671,Luiz Henrique,19,,0,1,1,Luiz Henrique,1015283,M,goal,False,11.5,50.0,,,False,2026-06-02T14:46:54.005019Z
2026,Brasileirão Série B,6,15526043,jOsokeb,Sport Recife x Grêmio Novorizontino,Sport Recife,Grêmio Novorizontino,346092921,Perotti,52,,1,0,1,Zé Lucas,2040561,M,pass,False,19.5,51.0,29.2,61.1,True,2026-06-02T14:46:54.005019Z
2026,Brasileirão Série B,6,15526043,jOsokeb,Sport Recife x Grêmio Novorizontino,Sport Recife,Grêmio Novorizontino,346092921,Perotti,52,,1,0,2,Carlos De Pena,311394,M,ball-movement,False,29.2,61.1,77.4,55.7,True,2026-06-02T14:46:54.005019Z
2026,Brasileirão Série B,6,15526043,jOsokeb,Sport Recife x Grêmio Novorizontino,Sport Recife,Grêmio Novorizontino,346092921,Perotti,52,,1,0,3,Carlos De Pena,311394,M,pass,True,57.1,50.0,77.4,55.7,True,2026-06-02T14:46:54.005019Z
2026,Brasileirão Série B,6,15526043,jOsokeb,Sport Recife x Grêmio Novorizontino,Sport Recife,Grêmio Novorizontino,346092921,Perotti,52,,1,0,4,Perotti,840076,F,goal,False,88.5,57.7,,,True,2026-06-02T14:46:54.005019Z
2026,Brasileirão Série B,7,15526072,jOsbP,Sport Recife x Ceará,Sport Recife,Ceará,347127315,Madson,71,,2,0,1,Zé Lucas,2040561,M,pass,False,62.8,72.0,69.4,83.5,True,2026-06-02T14:46:54.005019Z
2026,Brasileirão Série B,7,15526072,jOsbP,Sport Recife x Ceará,Sport Recife,Ceará,347127315,Madson,71,,2,0,2,Marlon,965796,M,pass,True,69.0,82.0,96.8,41.6,True,2026-06-02T14:46:54.005019Z
2026,Brasileirão Série B,7,15526072,jOsbP,Sport Recife x Ceará,Sport Recife,Ceará,347127315,Madson,71,,2,0,3,Madson,243439,D,goal,False,96.8,41.6,,,True,2026-06-02T14:46:54.005019Z
2026,Brasileirão Série B,7,15526072,jOsbP,Sport Recife x Ceará,Sport Recife,Ceará,347126185,Chrystian Barletta,53,,1,0,1,Chrystian Barletta,1035765,M,goal,False,88.5,50.0,,,True,2026-06-02T14:46:54.005019Z
2026,Brasileirão Série B,8,15526075,jOsuO,Ponte Preta x Sport Recife,Ponte Preta,Sport Recife,347781590,Perotti,59,,1,3,1,Marcelo Ajul,1634992,D,pass,False,67.8,14.9,55.1,10.3,False,2026-06-02T14:46:54.005019Z
2026,Brasileirão Série B,8,15526075,jOsuO,Ponte Preta x Sport Recife,Ponte Preta,Sport Recife,347781590,Perotti,59,,1,3,2,Carlos De Pena,311394,M,pass,False,55.1,10.3,58.8,2.6,False,2026-06-02T14:46:54.005019Z
2026,Brasileirão Série B,8,15526075,jOsuO,Ponte Preta x Sport Recife,Ponte Preta,Sport Recife,347781590,Perotti,59,,1,3,3,Felipinho,1048276,M,pass,False,58.8,2.6,59.0,8.3,False,2026-06-02T14:46:54.005019Z
2026,Brasileirão Série B,8,15526075,jOsuO,Ponte Preta x Sport Recife,Ponte Preta,Sport Recife,347781590,Perotti,59,,1,3,4,Carlos De Pena,311394,M,pass,False,59.0,8.3,15.6,8.5,False,2026-06-02T14:46:54.005019Z
2026,Brasileirão Série B,8,15526075,jOsuO,Ponte Preta x Sport Recife,Ponte Preta,Sport Recife,347781590,Perotti,59,,1,3,5,Chrystian Barletta,1035765,M,cross,True,14.7,8.9,8.3,57.9,False,2026-06-02T14:46:54.005019Z
2026,Brasileirão Série B,8,15526075,jOsuO,Ponte Preta x Sport Recife,Ponte Preta,Sport Recife,347781590,Perotti,59,,1,3,6,Perotti,840076,F,goal,False,8.3,57.9,,,False,2026-06-02T14:46:54.005019Z
2026,Brasileirão Série B,8,15526075,jOsuO,Ponte Preta x Sport Recife,Ponte Preta,Sport Recife,347779913,Chrystian Barletta,45,5.0,1,2,1,Chrystian Barletta,1035765,M,goal,False,11.5,50.0,,,False,2026-06-02T14:46:54.005019Z
2026,Brasileirão Série B,8,15526075,jOsuO,Ponte Preta x Sport Recife,Ponte Preta,Sport Recife,347778690,Felipinho,31,,1,1,1,Felipinho,1048276,M,pass,False,33.8,37.4,29.3,34.5,False,2026-06-02T14:46:54.005019Z
2026,Brasileirão Série B,8,15526075,jOsuO,Ponte Preta x Sport Recife,Ponte Preta,Sport Recife,347778690,Felipinho,31,,1,1,2,Perotti,840076,F,pass,False,29.3,34.6,29.0,43.3,False,2026-06-02T14:46:54.005019Z
2026,Brasileirão Série B,8,15526075,jOsuO,Ponte Preta x Sport Recife,Ponte Preta,Sport Recife,347778690,Felipinho,31,,1,1,3,Chrystian Barletta,1035765,M,pass,True,29.5,43.2,11.3,39.5,False,2026-06-02T14:46:54.005019Z
2026,Brasileirão Série B,8,15526075,jOsuO,Ponte Preta x Sport Recife,Ponte Preta,Sport Recife,347778690,Felipinho,31,,1,1,4,Felipinho,1048276,M,goal,False,11.3,39.5,,,False,2026-06-02T14:46:54.005019Z
2026,Brasileirão Série B,8,15526075,jOsuO,Ponte Preta x Sport Recife,Ponte Preta,Sport Recife,347778332,Danilo Barcelos,23,,1,0,1,Kevyson,1389980,D,pass,False,68.4,51.6,52.3,46.3,True,2026-06-02T14:46:54.005019Z
2026,Brasileirão Série B,8,15526075,jOsuO,Ponte Preta x Sport Recife,Ponte Preta,Sport Recife,347778332,Danilo Barcelos,23,,1,0,2,André Lima,1116646,M,pass,False,48.3,39.3,27.1,51.4,True,2026-06-02T14:46:54.005019Z
2026,Brasileirão Série B,8,15526075,jOsuO,Ponte Preta x Sport Recife,Ponte Preta,Sport Recife,347778332,Danilo Barcelos,23,,1,0,3,Diogo Silva,167109,G,pass,False,30.6,49.2,69.3,10.2,True,2026-06-02T14:46:54.005019Z
2026,Brasileirão Série B,8,15526075,jOsuO,Ponte Preta x Sport Recife,Ponte Preta,Sport Recife,347778332,Danilo Barcelos,23,,1,0,4,Weverton,1105062,D,pass,False,69.3,10.2,73.4,22.2,True,2026-06-02T14:46:54.005019Z
2026,Brasileirão Série B,8,15526075,jOsuO,Ponte Preta x Sport Recife,Ponte Preta,Sport Recife,347778332,Danilo Barcelos,23,,1,0,5,Diego Tavares,871003,M,ball-movement,False,73.4,22.2,91.2,58.1,True,2026-06-02T14:46:54.005019Z
2026,Brasileirão Série B,8,15526075,jOsuO,Ponte Preta x Sport Recife,Ponte Preta,Sport Recife,347778332,Danilo Barcelos,23,,1,0,6,Diego Tavares,871003,M,cross,True,97.9,17.2,91.2,58.1,True,2026-06-02T14:46:54.005019Z
2026,Brasileirão Série B,8,15526075,jOsuO,Ponte Preta x Sport Recife,Ponte Preta,Sport Recife,347778332,Danilo Barcelos,23,,1,0,7,Danilo Barcelos,551576,D,goal,False,91.2,58.1,,,True,2026-06-02T14:46:54.005019Z
2026,Brasileirão Série B,9,15526093,jOsHPi,Sport Recife x CRB,Sport Recife,CRB,348866446,Perotti,78,,1,2,1,Iury Castilho,795020,F,pass,True,99.0,40.3,96.2,44.2,True,2026-06-02T14:46:54.005019Z
2026,Brasileirão Série B,9,15526093,jOsHPi,Sport Recife x CRB,Sport Recife,CRB,348866446,Perotti,78,,1,2,2,Perotti,840076,F,goal,False,96.2,44.2,,,True,2026-06-02T14:46:54.005019Z
2026,Brasileirão Série B,9,15526093,jOsHPi,Sport Recife x CRB,Sport Recife,CRB,348865390,Danielzinho,59,,0,2,1,Danielzinho,840218,M,goal,False,6.5,50.8,,,False,2026-06-02T14:46:54.005019Z
2026,Brasileirão Série B,9,15526093,jOsHPi,Sport Recife x CRB,Sport Recife,CRB,348862970,Mikael,39,,0,1,1,Fábio Alemão,911436,D,pass,False,58.0,44.8,53.0,15.6,False,2026-06-02T14:46:54.005019Z
2026,Brasileirão Série B,9,15526093,jOsHPi,Sport Recife x CRB,Sport Recife,CRB,348862970,Mikael,39,,0,1,2,Patrick De Lucca,979868,M,pass,False,52.2,15.5,32.8,3.7,False,2026-06-02T14:46:54.005019Z
2026,Brasileirão Série B,9,15526093,jOsHPi,Sport Recife x CRB,Sport Recife,CRB,348862970,Mikael,39,,0,1,3,Lucas Lovat,810689,D,cross,False,29.5,4.1,15.1,47.6,False,2026-06-02T14:46:54.005019Z
2026,Brasileirão Série B,9,15526093,jOsHPi,Sport Recife x CRB,Sport Recife,CRB,348862970,Mikael,39,,0,1,4,Mikael,994017,F,pass,False,14.7,46.0,14.7,44.8,False,2026-06-02T14:46:54.005019Z
2026,Brasileirão Série B,9,15526093,jOsHPi,Sport Recife x CRB,Sport Recife,CRB,348862970,Mikael,39,,0,1,5,Dadá Belmonte,926786,F,save,False,14.7,44.8,,,False,2026-06-02T14:46:54.005019Z
2026,Brasileirão Série B,9,15526093,jOsHPi,Sport Recife x CRB,Sport Recife,CRB,348862970,Mikael,39,,0,1,6,Mikael,994017,F,goal,False,3.9,46.0,,,False,2026-06-02T14:46:54.005019Z
2026,Brasileirão Série B,10,15526106,jOsFO,Juventude x Sport Recife,Juventude,Sport Recife,349573808,Iury Castilho,82,,0,1,1,Pedro Victor Martins,1106488,M,pass,False,38.9,38.5,44.7,35.4,False,2026-06-02T14:46:54.005019Z
2026,Brasileirão Série B,10,15526106,jOsFO,Juventude x Sport Recife,Juventude,Sport Recife,349573808,Iury Castilho,82,,0,1,2,Zé Lucas,2040561,M,pass,False,46.6,44.8,55.6,65.6,False,2026-06-02T14:46:54.005019Z
2026,Brasileirão Série B,10,15526106,jOsFO,Juventude x Sport Recife,Juventude,Sport Recife,349573808,Iury Castilho,82,,0,1,3,Marcelo Benevenuto,841808,D,pass,False,54.3,68.2,53.4,34.8,False,2026-06-02T14:46:54.005019Z
2026,Brasileirão Série B,10,15526106,jOsFO,Juventude x Sport Recife,Juventude,Sport Recife,349573808,Iury Castilho,82,,0,1,4,Zé Marcos,901700,D,pass,False,54.4,29.5,30.6,6.2,False,2026-06-02T14:46:54.005019Z
2026,Brasileirão Série B,10,15526106,jOsFO,Juventude x Sport Recife,Juventude,Sport Recife,349573808,Iury Castilho,82,,0,1,5,Chrystian Barletta,1035765,M,ball-movement,False,30.6,6.2,18.1,50.1,False,2026-06-02T14:46:54.005019Z
2026,Brasileirão Série B,10,15526106,jOsFO,Juventude x Sport Recife,Juventude,Sport Recife,349573808,Iury Castilho,82,,0,1,6,Chrystian Barletta,1035765,M,pass,True,21.9,32.5,18.1,50.1,False,2026-06-02T14:46:54.005019Z
2026,Brasileirão Série B,10,15526106,jOsFO,Juventude x Sport Recife,Juventude,Sport Recife,349573808,Iury Castilho,82,,0,1,7,Iury Castilho,795020,F,goal,False,18.9,50.4,,,False,2026-06-02T14:46:54.005019Z
