season,competition,round,match_id,match_date_utc,home_team_name,away_team_name,home_score,away_score,status,venue_name,source,source_detail,source_url,data_status,last_updated_at,match_code,match_label,home_team,home_team_key,away_team,away_team_key,transformed_at
2025,serie_b,1,kOsoIJc,2025-04-04T22:00:00Z,Goiás,Amazonas FC,1,0,completed,,sofascore_api,api/v1/unique-tournament/390/season/{}/events/round/{},https://www.sofascore.com/football/match/amazonas-fc-goias/kOsoIJc,score_confirmed,2026-05-07T16:36:59.789278Z,,,,,,,
2025,serie_b,1,JOsJRp,2025-04-05T00:00:00Z,Criciúma,Operário-PR,1,2,completed,,sofascore_api,api/v1/unique-tournament/390/season/{}/events/round/{},https://www.sofascore.com/football/match/operario-pr-criciuma/JOsJRp,score_confirmed,2026-05-07T16:36:59.789312Z,,,,,,,
2025,serie_b,1,rOsXO,2025-04-05T00:00:00Z,Paysandu SC,Athletico,1,2,completed,,sofascore_api,api/v1/unique-tournament/390/season/{}/events/round/{},https://www.sofascore.com/football/match/paysandu-sc-athletico/rOsXO,score_confirmed,2026-05-07T16:36:59.789331Z,,,,,,,
2025,serie_b,1,VLisHPi,2025-04-05T19:00:00Z,CRB,Chapecoense,1,0,completed,,sofascore_api,api/v1/unique-tournament/390/season/{}/events/round/{},https://www.sofascore.com/football/match/crb-chapecoense/VLisHPi,score_confirmed,2026-05-07T16:36:59.789346Z,,,,,,,
2025,serie_b,1,HOswP,2025-04-05T19:00:00Z,Coritiba,Vila Nova FC,1,0,completed,,sofascore_api,api/v1/unique-tournament/390/season/{}/events/round/{},https://www.sofascore.com/football/match/vila-nova-fc-coritiba/HOswP,score_confirmed,2026-05-07T16:36:59.789362Z,,,,,,,
2025,serie_b,1,yOsEO,2025-04-05T21:30:00Z,América Mineiro,Botafogo-SP,1,0,completed,,sofascore_api,api/v1/unique-tournament/390/season/{}/events/round/{},https://www.sofascore.com/football/match/botafogo-sp-america-mineiro/yOsEO,score_confirmed,2026-05-07T16:36:59.789376Z,,,,,,,
2025,serie_b,1,mPsKfo,2025-04-06T22:00:00Z,Ferroviária,Remo,1,1,completed,,sofascore_api,api/v1/unique-tournament/390/season/{}/events/round/{},https://www.sofascore.com/football/match/ferroviaria-remo/mPsKfo,score_confirmed,2026-05-07T16:36:59.789389Z,,,,,,,
2025,serie_b,1,HOcscJu,2025-04-06T22:00:00Z,Volta Redonda,Cuiabá,0,1,completed,,sofascore_api,api/v1/unique-tournament/390/season/{}/events/round/{},https://www.sofascore.com/football/match/cuiaba-volta-redonda/HOcscJu,score_confirmed,2026-05-07T16:36:59.789403Z,,,,,,,
2025,serie_b,1,pWcsokeb,2025-04-06T23:00:00Z,Avaí,Grêmio Novorizontino,1,1,completed,,sofascore_api,api/v1/unique-tournament/390/season/{}/events/round/{},https://www.sofascore.com/football/match/novorizontino-avai/pWcsokeb,score_confirmed,2026-05-07T16:36:59.789415Z,,,,,,,
2025,serie_b,1,oWcsAfMc,2025-04-07T22:00:00Z,Atlético Goianiense,Athletic Club,4,2,completed,,sofascore_api,api/v1/unique-tournament/390/season/{}/events/round/{},https://www.sofascore.com/football/match/athletic-club-atletico-goianiense/oWcsAfMc,score_confirmed,2026-05-07T16:36:59.789428Z,,,,,,,
2025,serie_b,20,kOsoIJc,2025-08-02T23:30:00Z,Amazonas FC,Goiás,2,2,completed,,sofascore_api,api/v1/unique-tournament/390/season/{}/events/round/{},https://www.sofascore.com/football/match/amazonas-fc-goias/kOsoIJc,score_confirmed,2026-05-07T16:24:30.984071Z,,,,,,,
2025,serie_b,20,JOsJRp,2025-08-02T00:30:00Z,Operário-PR,Criciúma,1,0,completed,,sofascore_api,api/v1/unique-tournament/390/season/{}/events/round/{},https://www.sofascore.com/football/match/operario-pr-criciuma/JOsJRp,score_confirmed,2026-05-07T16:24:30.984040Z,,,,,,,
2025,serie_b,20,rOsXO,2025-08-03T21:30:00Z,Athletico,Paysandu SC,1,1,completed,,sofascore_api,api/v1/unique-tournament/390/season/{}/events/round/{},https://www.sofascore.com/football/match/paysandu-sc-athletico/rOsXO,score_confirmed,2026-05-07T16:24:30.984117Z,,,,,,,
2025,serie_b,20,VLisHPi,2025-08-03T19:00:00Z,Chapecoense,CRB,3,2,completed,,sofascore_api,api/v1/unique-tournament/390/season/{}/events/round/{},https://www.sofascore.com/football/match/crb-chapecoense/VLisHPi,score_confirmed,2026-05-07T16:24:30.984086Z,,,,,,,
2025,serie_b,20,HOswP,2025-08-01T00:35:00Z,Vila Nova FC,Coritiba,1,2,completed,,sofascore_api,api/v1/unique-tournament/390/season/{}/events/round/{},https://www.sofascore.com/football/match/vila-nova-fc-coritiba/HOswP,score_confirmed,2026-05-07T16:24:30.983996Z,,,,,,,
2025,serie_b,20,yOsEO,2025-08-02T21:30:00Z,Botafogo-SP,América Mineiro,2,1,completed,,sofascore_api,api/v1/unique-tournament/390/season/{}/events/round/{},https://www.sofascore.com/football/match/botafogo-sp-america-mineiro/yOsEO,score_confirmed,2026-05-07T16:24:30.984056Z,,,,,,,
2025,serie_b,20,mPsKfo,2025-08-01T22:00:00Z,Remo,Ferroviária,0,2,completed,,sofascore_api,api/v1/unique-tournament/390/season/{}/events/round/{},https://www.sofascore.com/football/match/ferroviaria-remo/mPsKfo,score_confirmed,2026-05-07T16:24:30.984023Z,,,,,,,
2025,serie_b,20,HOcscJu,2025-08-05T00:30:00Z,Cuiabá,Volta Redonda,2,0,completed,,sofascore_api,api/v1/unique-tournament/390/season/{}/events/round/{},https://www.sofascore.com/football/match/cuiaba-volta-redonda/HOcscJu,score_confirmed,2026-05-07T16:24:30.984143Z,,,,,,,
2025,serie_b,20,pWcsokeb,2025-08-03T19:00:00Z,Grêmio Novorizontino,Avaí,1,1,completed,,sofascore_api,api/v1/unique-tournament/390/season/{}/events/round/{},https://www.sofascore.com/football/match/novorizontino-avai/pWcsokeb,score_confirmed,2026-05-07T16:24:30.984100Z,,,,,,,
2025,serie_b,20,oWcsAfMc,2025-08-04T22:00:00Z,Athletic Club,Atlético Goianiense,1,1,completed,,sofascore_api,api/v1/unique-tournament/390/season/{}/events/round/{},https://www.sofascore.com/football/match/athletic-club-atletico-goianiense/oWcsAfMc,score_confirmed,2026-05-07T16:24:30.984130Z,,,,,,,
2025,serie_b,2,rOsJO,2025-04-10T22:00:00Z,Athletico,Criciúma,2,1,completed,,sofascore_api,api/v1/unique-tournament/390/season/{}/events/round/{},https://www.sofascore.com/football/match/criciuma-athletico/rOsJO,score_confirmed,2026-05-07T16:24:24.251705Z,,,,,,,
2025,serie_b,2,pWcscJu,2025-04-11T00:30:00Z,Cuiabá,Avaí,2,2,completed,,sofascore_api,api/v1/unique-tournament/390/season/{}/events/round/{},https://www.sofascore.com/football/match/cuiaba-avai/pWcscJu,score_confirmed,2026-05-07T16:24:24.251784Z,,,,,,,
2025,serie_b,2,HOsVLi,2025-04-12T19:00:00Z,Chapecoense,Coritiba,1,2,completed,,sofascore_api,api/v1/unique-tournament/390/season/{}/events/round/{},https://www.sofascore.com/football/match/chapecoense-coritiba/HOsVLi,score_confirmed,2026-05-07T16:24:24.251807Z,,,,,,,
2025,serie_b,2,XOswP,2025-04-12T21:00:00Z,Vila Nova FC,Paysandu SC,1,0,completed,,sofascore_api,api/v1/unique-tournament/390/season/{}/events/round/{},https://www.sofascore.com/football/match/vila-nova-fc-paysandu-sc/XOswP,score_confirmed,2026-05-07T16:24:24.251824Z,,,,,,,
2025,serie_b,2,KfosoIJc,2025-04-12T22:00:00Z,Amazonas FC,Ferroviária,0,0,completed,,sofascore_api,api/v1/unique-tournament/390/season/{}/events/round/{},https://www.sofascore.com/football/match/amazonas-fc-ferroviaria/KfosoIJc,score_confirmed,2026-05-07T16:24:24.251840Z,,,,,,,
2025,serie_b,2,HOcsokeb,2025-04-12T22:00:00Z,Grêmio Novorizontino,Volta Redonda,1,0,completed,,sofascore_api,api/v1/unique-tournament/390/season/{}/events/round/{},https://www.sofascore.com/football/match/novorizontino-volta-redonda/HOcsokeb,score_confirmed,2026-05-07T16:24:24.251859Z,,,,,,,
2025,serie_b,2,kOsJRp,2025-04-12T23:00:00Z,Operário-PR,Goiás,1,2,completed,,sofascore_api,api/v1/unique-tournament/390/season/{}/events/round/{},https://www.sofascore.com/football/match/operario-pr-goias/kOsJRp,score_confirmed,2026-05-07T16:24:24.251875Z,,,,,,,
2025,serie_b,2,HPisAfMc,2025-04-13T19:00:00Z,Athletic Club,CRB,1,2,completed,,sofascore_api,api/v1/unique-tournament/390/season/{}/events/round/{},https://www.sofascore.com/football/match/athletic-club-crb/HPisAfMc,score_confirmed,2026-05-07T16:24:24.251889Z,,,,,,,
2025,serie_b,2,yOsmP,2025-04-13T19:00:00Z,Remo,América Mineiro,2,0,completed,,sofascore_api,api/v1/unique-tournament/390/season/{}/events/round/{},https://www.sofascore.com/football/match/remo-america-mineiro/yOsmP,score_confirmed,2026-05-07T16:24:24.251903Z,,,,,,,
2025,serie_b,2,EOsoWc,2025-04-13T22:00:00Z,Botafogo-SP,Atlético Goianiense,1,1,completed,,sofascore_api,api/v1/unique-tournament/390/season/{}/events/round/{},https://www.sofascore.com/football/match/atletico-goianiense-botafogo-sp/EOsoWc,score_confirmed,2026-05-07T16:24:24.251917Z,,,,,,,
2025,serie_b,3,rOscJu,2025-04-15T22:00:00Z,Cuiabá,Athletico,2,1,completed,,sofascore_api,api/v1/unique-tournament/390/season/{}/events/round/{},https://www.sofascore.com/football/match/cuiaba-athletico/rOscJu,score_confirmed,2026-05-07T16:24:24.604213Z,,,,,,,
2025,serie_b,3,pWcsJRp,2025-04-16T23:00:00Z,Avaí,Operário-PR,1,0,completed,,sofascore_api,api/v1/unique-tournament/390/season/{}/events/round/{},https://www.sofascore.com/football/match/operario-pr-avai/pWcsJRp,score_confirmed,2026-05-07T16:24:24.604234Z,,,,,,,
2025,serie_b,3,XOsVLi,2025-04-16T23:00:00Z,Paysandu SC,Chapecoense,0,2,completed,,sofascore_api,api/v1/unique-tournament/390/season/{}/events/round/{},https://www.sofascore.com/football/match/chapecoense-paysandu-sc/XOsVLi,score_confirmed,2026-05-07T16:24:24.604248Z,,,,,,,
2025,serie_b,3,HOsokeb,2025-04-17T00:00:00Z,Coritiba,Grêmio Novorizontino,0,0,completed,,sofascore_api,api/v1/unique-tournament/390/season/{}/events/round/{},https://www.sofascore.com/football/match/novorizontino-coritiba/HOsokeb,score_confirmed,2026-05-07T16:24:24.604262Z,,,,,,,
2025,serie_b,3,kOswP,2025-04-17T22:00:00Z,Goiás,Vila Nova FC,2,2,completed,,sofascore_api,api/v1/unique-tournament/390/season/{}/events/round/{},https://www.sofascore.com/football/match/vila-nova-fc-goias/kOswP,score_confirmed,2026-05-07T16:24:24.604276Z,,,,,,,
2025,serie_b,3,EOsmP,2025-04-17T23:00:00Z,Botafogo-SP,Remo,2,2,completed,,sofascore_api,api/v1/unique-tournament/390/season/{}/events/round/{},https://www.sofascore.com/football/match/remo-botafogo-sp/EOsmP,score_confirmed,2026-05-07T16:24:24.604289Z,,,,,,,
2025,serie_b,3,HOcsHPi,2025-04-17T23:00:00Z,CRB,Volta Redonda,1,0,completed,,sofascore_api,api/v1/unique-tournament/390/season/{}/events/round/{},https://www.sofascore.com/football/match/crb-volta-redonda/HOcsHPi,score_confirmed,2026-05-07T16:24:24.604302Z,,,,,,,
2025,serie_b,3,JOsAfMc,2025-04-17T23:00:00Z,Criciúma,Athletic Club,4,0,completed,,sofascore_api,api/v1/unique-tournament/390/season/{}/events/round/{},https://www.sofascore.com/football/match/athletic-club-criciuma/JOsAfMc,score_confirmed,2026-05-07T16:24:24.604316Z,,,,,,,
2025,serie_b,3,oWcsKfo,2025-04-18T00:00:00Z,Ferroviária,Atlético Goianiense,2,0,completed,,sofascore_api,api/v1/unique-tournament/390/season/{}/events/round/{},https://www.sofascore.com/football/match/ferroviaria-atletico-goianiense/oWcsKfo,score_confirmed,2026-05-07T16:24:24.604362Z,,,,,,,
2025,serie_b,3,yOsoIJc,2025-04-18T00:35:00Z,América Mineiro,Amazonas FC,3,1,completed,,sofascore_api,api/v1/unique-tournament/390/season/{}/events/round/{},https://www.sofascore.com/football/match/amazonas-fc-america-mineiro/yOsoIJc,score_confirmed,2026-05-07T16:24:24.604381Z,,,,,,,
2025,serie_b,4,XOsJRp,2025-04-19T19:00:00Z,Operário-PR,Paysandu SC,0,0,completed,,sofascore_api,api/v1/unique-tournament/390/season/{}/events/round/{},https://www.sofascore.com/football/match/operario-pr-paysandu-sc/XOsJRp,score_confirmed,2026-05-07T16:24:24.919470Z,,,,,,,
2025,serie_b,4,EOswP,2025-04-20T19:00:00Z,Vila Nova FC,Botafogo-SP,2,0,completed,,sofascore_api,api/v1/unique-tournament/390/season/{}/events/round/{},https://www.sofascore.com/football/match/vila-nova-fc-botafogo-sp/EOswP,score_confirmed,2026-05-07T16:24:24.919487Z,,,,,,,
2025,serie_b,4,VLisAfMc,2025-04-20T21:00:00Z,Chapecoense,Athletic Club,1,0,completed,,sofascore_api,api/v1/unique-tournament/390/season/{}/events/round/{},https://www.sofascore.com/football/match/athletic-club-chapecoense/VLisAfMc,score_confirmed,2026-05-07T16:24:24.919498Z,,,,,,,
2025,serie_b,4,rOsHPi,2025-04-20T22:00:00Z,Athletico,CRB,2,0,completed,,sofascore_api,api/v1/unique-tournament/390/season/{}/events/round/{},https://www.sofascore.com/football/match/crb-athletico/rOsHPi,score_confirmed,2026-05-07T16:24:24.919507Z,,,,,,,
2025,serie_b,4,kOsyO,2025-04-20T23:00:00Z,América Mineiro,Goiás,1,0,completed,,sofascore_api,api/v1/unique-tournament/390/season/{}/events/round/{},https://www.sofascore.com/football/match/america-mineiro-goias/kOsyO,score_confirmed,2026-05-07T16:24:24.919516Z,,,,,,,
2025,serie_b,4,pWcsoIJc,2025-04-21T21:00:00Z,Amazonas FC,Avaí,0,2,completed,,sofascore_api,api/v1/unique-tournament/390/season/{}/events/round/{},https://www.sofascore.com/football/match/amazonas-fc-avai/pWcsoIJc,score_confirmed,2026-05-07T16:24:24.919526Z,,,,,,,
2025,serie_b,4,JOsokeb,2025-04-21T22:00:00Z,Grêmio Novorizontino,Criciúma,1,1,completed,,sofascore_api,api/v1/unique-tournament/390/season/{}/events/round/{},https://www.sofascore.com/football/match/novorizontino-criciuma/JOsokeb,score_confirmed,2026-05-07T16:24:24.919535Z,,,,,,,
2025,serie_b,4,HOsmP,2025-04-22T00:30:00Z,Remo,Coritiba,1,0,completed,,sofascore_api,api/v1/unique-tournament/390/season/{}/events/round/{},https://www.sofascore.com/football/match/remo-coritiba/HOsmP,score_confirmed,2026-05-07T16:24:24.919544Z,,,,,,,
2025,serie_b,4,oWcscJu,2025-04-22T22:30:00Z,Atlético Goianiense,Cuiabá,1,1,completed,,sofascore_api,api/v1/unique-tournament/390/season/{}/events/round/{},https://www.sofascore.com/football/match/cuiaba-atletico-goianiense/oWcscJu,score_confirmed,2026-05-07T16:24:24.919555Z,,,,,,,
2025,serie_b,4,HOcsKfo,2025-04-22T23:00:00Z,Volta Redonda,Ferroviária,0,0,completed,,sofascore_api,api/v1/unique-tournament/390/season/{}/events/round/{},https://www.sofascore.com/football/match/ferroviaria-volta-redonda/HOcsKfo,score_confirmed,2026-05-07T16:24:24.919563Z,,,,,,,
2025,serie_b,5,rOsokeb,2025-04-25T00:35:00Z,Grêmio Novorizontino,Athletico,2,1,completed,,sofascore_api,api/v1/unique-tournament/390/season/{}/events/round/{},https://www.sofascore.com/football/match/novorizontino-athletico/rOsokeb,score_confirmed,2026-05-07T16:24:26.446131Z,,,,,,,
2025,serie_b,5,JOsmP,2025-04-25T22:00:00Z,Criciúma,Remo,1,1,completed,,sofascore_api,api/v1/unique-tournament/390/season/{}/events/round/{},https://www.sofascore.com/football/match/remo-criciuma/JOsmP,score_confirmed,2026-05-07T16:24:26.446162Z,,,,,,,
2025,serie_b,5,wPsVLi,2025-04-26T00:00:00Z,Vila Nova FC,Chapecoense,1,0,completed,,sofascore_api,api/v1/unique-tournament/390/season/{}/events/round/{},https://www.sofascore.com/football/match/chapecoense-vila-nova-fc/wPsVLi,score_confirmed,2026-05-07T16:24:26.446182Z,,,,,,,
2025,serie_b,5,HOsJRp,2025-04-26T19:00:00Z,Coritiba,Operário-PR,2,0,completed,,sofascore_api,api/v1/unique-tournament/390/season/{}/events/round/{},https://www.sofascore.com/football/match/operario-pr-coritiba/HOsJRp,score_confirmed,2026-05-07T16:24:26.446199Z,,,,,,,
2025,serie_b,5,yOspWc,2025-04-26T23:00:00Z,Avaí,América Mineiro,3,0,completed,,sofascore_api,api/v1/unique-tournament/390/season/{}/events/round/{},https://www.sofascore.com/football/match/avai-america-mineiro/yOspWc,score_confirmed,2026-05-07T16:24:26.446216Z,,,,,,,
2025,serie_b,5,HOcsAfMc,2025-04-27T19:00:00Z,Athletic Club,Volta Redonda,2,1,completed,,sofascore_api,api/v1/unique-tournament/390/season/{}/events/round/{},https://www.sofascore.com/football/match/athletic-club-volta-redonda/HOcsAfMc,score_confirmed,2026-05-07T16:24:26.446234Z,,,,,,,
2025,serie_b,5,oWcsoIJc,2025-04-27T19:30:00Z,Amazonas FC,Atlético Goianiense,1,1,completed,,sofascore_api,api/v1/unique-tournament/390/season/{}/events/round/{},https://www.sofascore.com/football/match/amazonas-fc-atletico-goianiense/oWcsoIJc,score_confirmed,2026-05-07T16:24:26.446250Z,,,,,,,
2025,serie_b,5,XOsHPi,2025-04-27T20:00:00Z,Paysandu SC,CRB,1,1,completed,,sofascore_api,api/v1/unique-tournament/390/season/{}/events/round/{},https://www.sofascore.com/football/match/crb-paysandu-sc/XOsHPi,score_confirmed,2026-05-07T16:24:26.446268Z,,,,,,,
2025,serie_b,5,KfoscJu,2025-04-27T22:00:00Z,Cuiabá,Ferroviária,1,0,completed,,sofascore_api,api/v1/unique-tournament/390/season/{}/events/round/{},https://www.sofascore.com/football/match/cuiaba-ferroviaria/KfoscJu,score_confirmed,2026-05-07T16:24:26.446285Z,,,,,,,
2025,serie_b,5,kOsEO,2025-04-28T22:30:00Z,Botafogo-SP,Goiás,0,1,completed,,sofascore_api,api/v1/unique-tournament/390/season/{}/events/round/{},https://www.sofascore.com/football/match/botafogo-sp-goias/kOsEO,score_confirmed,2026-05-07T16:24:26.446300Z,,,,,,,
2025,serie_b,6,HOsKfo,2025-05-03T00:35:00Z,Ferroviária,Coritiba,2,1,completed,,sofascore_api,api/v1/unique-tournament/390/season/{}/events/round/{},https://www.sofascore.com/football/match/ferroviaria-coritiba/HOsKfo,score_confirmed,2026-05-07T16:24:26.740153Z,,,,,,,
2025,serie_b,6,mPsoIJc,2025-05-03T19:00:00Z,Remo,Amazonas FC,1,0,completed,,sofascore_api,api/v1/unique-tournament/390/season/{}/events/round/{},https://www.sofascore.com/football/match/amazonas-fc-remo/mPsoIJc,score_confirmed,2026-05-07T16:24:26.740189Z,,,,,,,
2025,serie_b,6,XOsHOc,2025-05-03T23:30:00Z,Volta Redonda,Paysandu SC,1,0,completed,,sofascore_api,api/v1/unique-tournament/390/season/{}/events/round/{},https://www.sofascore.com/football/match/volta-redonda-paysandu-sc/XOsHOc,score_confirmed,2026-05-07T16:24:26.740209Z,,,,,,,
2025,serie_b,6,oWcsokeb,2025-05-04T19:00:00Z,Atlético Goianiense,Grêmio Novorizontino,1,0,completed,,sofascore_api,api/v1/unique-tournament/390/season/{}/events/round/{},https://www.sofascore.com/football/match/novorizontino-atletico-goianiense/oWcsokeb,score_confirmed,2026-05-07T16:24:26.740225Z,,,,,,,
2025,serie_b,6,rOsEO,2025-05-04T21:30:00Z,Athletico,Botafogo-SP,1,4,completed,,sofascore_api,api/v1/unique-tournament/390/season/{}/events/round/{},https://www.sofascore.com/football/match/botafogo-sp-athletico/rOsEO,score_confirmed,2026-05-07T16:24:26.740243Z,,,,,,,
2025,serie_b,6,JOsVLi,2025-05-04T21:30:00Z,Chapecoense,Criciúma,2,1,completed,,sofascore_api,api/v1/unique-tournament/390/season/{}/events/round/{},https://www.sofascore.com/football/match/chapecoense-criciuma/JOsVLi,score_confirmed,2026-05-07T16:24:26.740257Z,,,,,,,
2025,serie_b,6,yOsJRp,2025-05-04T23:30:00Z,Operário-PR,América Mineiro,1,0,completed,,sofascore_api,api/v1/unique-tournament/390/season/{}/events/round/{},https://www.sofascore.com/football/match/operario-pr-america-mineiro/yOsJRp,score_confirmed,2026-05-07T16:24:26.740269Z,,,,,,,
2025,serie_b,6,kOspWc,2025-05-05T22:00:00Z,Goiás,Avaí,2,1,completed,,sofascore_api,api/v1/unique-tournament/390/season/{}/events/round/{},https://www.sofascore.com/football/match/avai-goias/kOspWc,score_confirmed,2026-05-07T16:24:26.740287Z,,,,,,,
2025,serie_b,6,HPiscJu,2025-05-06T22:30:00Z,CRB,Cuiabá,1,1,completed,,sofascore_api,api/v1/unique-tournament/390/season/{}/events/round/{},https://www.sofascore.com/football/match/cuiaba-crb/HPiscJu,score_confirmed,2026-05-07T16:24:26.740302Z,,,,,,,
2025,serie_b,6,wPsAfMc,2025-05-07T00:30:00Z,Athletic Club,Vila Nova FC,0,1,completed,,sofascore_api,api/v1/unique-tournament/390/season/{}/events/round/{},https://www.sofascore.com/football/match/athletic-club-vila-nova-fc/wPsAfMc,score_confirmed,2026-05-07T16:24:26.740319Z,,,,,,,
2025,serie_b,7,rOsVLi,2025-05-09T00:35:00Z,Athletico,Chapecoense,1,1,completed,,sofascore_api,api/v1/unique-tournament/390/season/{}/events/round/{},https://www.sofascore.com/football/match/chapecoense-athletico/rOsVLi,score_confirmed,2026-05-07T16:24:27.047089Z,,,,,,,
2025,serie_b,7,oWcspWc,2025-05-10T19:00:00Z,Avaí,Atlético Goianiense,0,0,completed,,sofascore_api,api/v1/unique-tournament/390/season/{}/events/round/{},https://www.sofascore.com/football/match/avai-atletico-goianiense/oWcspWc,score_confirmed,2026-05-07T16:24:27.047117Z,,,,,,,
2025,serie_b,7,kOsHO,2025-05-10T21:30:00Z,Goiás,Coritiba,1,0,completed,,sofascore_api,api/v1/unique-tournament/390/season/{}/events/round/{},https://www.sofascore.com/football/match/coritiba-goias/kOsHO,score_confirmed,2026-05-07T16:24:27.047139Z,,,,,,,
2025,serie_b,7,JOsHOc,2025-05-11T19:00:00Z,Criciúma,Volta Redonda,0,0,completed,,sofascore_api,api/v1/unique-tournament/390/season/{}/events/round/{},https://www.sofascore.com/football/match/volta-redonda-criciuma/JOsHOc,score_confirmed,2026-05-07T16:24:27.047156Z,,,,,,,
2025,serie_b,7,JRpscJu,2025-05-11T21:30:00Z,Cuiabá,Operário-PR,2,3,completed,,sofascore_api,api/v1/unique-tournament/390/season/{}/events/round/{},https://www.sofascore.com/football/match/cuiaba-operario-pr/JRpscJu,score_confirmed,2026-05-07T16:24:27.047173Z,,,,,,,
2025,serie_b,7,Kfosokeb,2025-05-11T21:30:00Z,Grêmio Novorizontino,Ferroviária,2,2,completed,,sofascore_api,api/v1/unique-tournament/390/season/{}/events/round/{},https://www.sofascore.com/football/match/novorizontino-ferroviaria/Kfosokeb,score_confirmed,2026-05-07T16:24:27.047189Z,,,,,,,
2025,serie_b,7,EOsAfMc,2025-05-12T22:00:00Z,Botafogo-SP,Athletic Club,0,3,completed,,sofascore_api,api/v1/unique-tournament/390/season/{}/events/round/{},https://www.sofascore.com/football/match/athletic-club-botafogo-sp/EOsAfMc,score_confirmed,2026-05-07T16:24:27.047204Z,,,,,,,
2025,serie_b,7,HPisoIJc,2025-05-13T00:00:00Z,Amazonas FC,CRB,1,1,completed,,sofascore_api,api/v1/unique-tournament/390/season/{}/events/round/{},https://www.sofascore.com/football/match/amazonas-fc-crb/HPisoIJc,score_confirmed,2026-05-07T16:24:27.047224Z,,,,,,,
2025,serie_b,7,mPswP,2025-05-14T22:00:00Z,Remo,Vila Nova FC,2,0,completed,,sofascore_api,api/v1/unique-tournament/390/season/{}/events/round/{},https://www.sofascore.com/football/match/vila-nova-fc-remo/mPswP,score_confirmed,2026-05-07T16:24:27.047242Z,,,,,,,
2025,serie_b,7,yOsXO,2025-05-14T22:30:00Z,América Mineiro,Paysandu SC,2,2,completed,,sofascore_api,api/v1/unique-tournament/390/season/{}/events/round/{},https://www.sofascore.com/football/match/paysandu-sc-america-mineiro/yOsXO,score_confirmed,2026-05-07T16:24:27.047257Z,,,,,,,
2025,serie_b,8,pWcsKfo,2025-05-16T00:35:00Z,Ferroviária,Avaí,1,1,completed,,sofascore_api,api/v1/unique-tournament/390/season/{}/events/round/{},https://www.sofascore.com/football/match/ferroviaria-avai/pWcsKfo,score_confirmed,2026-05-07T16:24:27.349804Z,,,,,,,
2025,serie_b,8,VLiscJu,2025-05-16T22:00:00Z,Chapecoense,Cuiabá,2,1,completed,,sofascore_api,api/v1/unique-tournament/390/season/{}/events/round/{},https://www.sofascore.com/football/match/cuiaba-chapecoense/VLiscJu,score_confirmed,2026-05-07T16:24:27.349827Z,,,,,,,
2025,serie_b,8,EOsJRp,2025-05-17T19:00:00Z,Operário-PR,Botafogo-SP,3,0,completed,,sofascore_api,api/v1/unique-tournament/390/season/{}/events/round/{},https://www.sofascore.com/football/match/operario-pr-botafogo-sp/EOsJRp,score_confirmed,2026-05-07T16:24:27.349842Z,,,,,,,
2025,serie_b,8,rOswP,2025-05-17T21:30:00Z,Vila Nova FC,Athletico,2,1,completed,,sofascore_api,api/v1/unique-tournament/390/season/{}/events/round/{},https://www.sofascore.com/football/match/vila-nova-fc-athletico/rOswP,score_confirmed,2026-05-07T16:24:27.349862Z,,,,,,,
2025,serie_b,8,okebsAfMc,2025-05-17T23:30:00Z,Athletic Club,Grêmio Novorizontino,0,2,completed,,sofascore_api,api/v1/unique-tournament/390/season/{}/events/round/{},https://www.sofascore.com/football/match/athletic-club-novorizontino/okebsAfMc,score_confirmed,2026-05-07T16:24:27.349877Z,,,,,,,
2025,serie_b,8,mPsoWc,2025-05-18T19:00:00Z,Atlético Goianiense,Remo,1,1,completed,,sofascore_api,api/v1/unique-tournament/390/season/{}/events/round/{},https://www.sofascore.com/football/match/atletico-goianiense-remo/mPsoWc,score_confirmed,2026-05-07T16:24:27.349891Z,,,,,,,
2025,serie_b,8,JOsHPi,2025-05-18T19:00:00Z,CRB,Criciúma,1,0,completed,,sofascore_api,api/v1/unique-tournament/390/season/{}/events/round/{},https://www.sofascore.com/football/match/crb-criciuma/JOsHPi,score_confirmed,2026-05-07T16:24:27.349906Z,,,,,,,
2025,serie_b,8,kOsXO,2025-05-18T21:30:00Z,Paysandu SC,Goiás,0,0,completed,,sofascore_api,api/v1/unique-tournament/390/season/{}/events/round/{},https://www.sofascore.com/football/match/paysandu-sc-goias/kOsXO,score_confirmed,2026-05-07T16:24:27.349920Z,,,,,,,
2025,serie_b,8,HOcsoIJc,2025-05-19T22:00:00Z,Volta Redonda,Amazonas FC,1,1,completed,,sofascore_api,api/v1/unique-tournament/390/season/{}/events/round/{},https://www.sofascore.com/football/match/amazonas-fc-volta-redonda/HOcsoIJc,score_confirmed,2026-05-07T16:24:27.349935Z,,,,,,,
2025,serie_b,8,yOsHO,2025-05-20T00:35:00Z,Coritiba,América Mineiro,1,0,completed,,sofascore_api,api/v1/unique-tournament/390/season/{}/events/round/{},https://www.sofascore.com/football/match/coritiba-america-mineiro/yOsHO,score_confirmed,2026-05-07T16:24:27.349949Z,,,,,,,
2025,serie_b,9,kOsKfo,2025-05-24T00:35:00Z,Goiás,Ferroviária,2,0,completed,,sofascore_api,api/v1/unique-tournament/390/season/{}/events/round/{},https://www.sofascore.com/football/match/ferroviaria-goias/kOsKfo,score_confirmed,2026-05-07T16:24:27.664601Z,,,,,,,
2025,serie_b,9,rOsAfMc,2025-05-24T19:00:00Z,Athletico,Athletic Club,1,0,completed,,sofascore_api,api/v1/unique-tournament/390/season/{}/events/round/{},https://www.sofascore.com/football/match/athletic-club-athletico/rOsAfMc,score_confirmed,2026-05-07T16:24:27.664629Z,,,,,,,
2025,serie_b,9,mPsHOc,2025-05-24T21:00:00Z,Remo,Volta Redonda,1,1,completed,,sofascore_api,api/v1/unique-tournament/390/season/{}/events/round/{},https://www.sofascore.com/football/match/volta-redonda-remo/mPsHOc,score_confirmed,2026-05-07T16:24:27.664641Z,,,,,,,
2025,serie_b,9,pWcsVLi,2025-05-24T21:30:00Z,Avaí,Chapecoense,2,1,completed,,sofascore_api,api/v1/unique-tournament/390/season/{}/events/round/{},https://www.sofascore.com/football/match/chapecoense-avai/pWcsVLi,score_confirmed,2026-05-07T16:24:27.664650Z,,,,,,,
2025,serie_b,9,XOsokeb,2025-05-25T19:00:00Z,Grêmio Novorizontino,Paysandu SC,3,1,completed,,sofascore_api,api/v1/unique-tournament/390/season/{}/events/round/{},https://www.sofascore.com/football/match/novorizontino-paysandu-sc/XOsokeb,score_confirmed,2026-05-07T16:24:27.664660Z,,,,,,,
2025,serie_b,9,JRpsoIJc,2025-05-25T21:30:00Z,Amazonas FC,Operário-PR,2,0,completed,,sofascore_api,api/v1/unique-tournament/390/season/{}/events/round/{},https://www.sofascore.com/football/match/amazonas-fc-operario-pr/JRpsoIJc,score_confirmed,2026-05-07T16:24:27.664671Z,,,,,,,
2025,serie_b,9,HOsJO,2025-05-26T22:00:00Z,Criciúma,Coritiba,0,1,completed,,sofascore_api,api/v1/unique-tournament/390/season/{}/events/round/{},https://www.sofascore.com/football/match/criciuma-coritiba/HOsJO,score_confirmed,2026-05-07T16:24:27.664679Z,,,,,,,
2025,serie_b,9,EOsHPi,2025-05-26T23:00:00Z,Botafogo-SP,CRB,2,1,completed,,sofascore_api,api/v1/unique-tournament/390/season/{}/events/round/{},https://www.sofascore.com/football/match/crb-botafogo-sp/EOsHPi,score_confirmed,2026-05-07T16:24:27.664688Z,,,,,,,
2025,serie_b,9,wPscJu,2025-05-27T00:00:00Z,Cuiabá,Vila Nova FC,1,0,completed,,sofascore_api,api/v1/unique-tournament/390/season/{}/events/round/{},https://www.sofascore.com/football/match/cuiaba-vila-nova-fc/wPscJu,score_confirmed,2026-05-07T16:24:27.664697Z,,,,,,,
2025,serie_b,9,yOsoWc,2025-05-27T22:30:00Z,América Mineiro,Atlético Goianiense,2,1,completed,,sofascore_api,api/v1/unique-tournament/390/season/{}/events/round/{},https://www.sofascore.com/football/match/atletico-goianiense-america-mineiro/yOsoWc,score_confirmed,2026-05-07T16:24:27.664719Z,,,,,,,
2025,serie_b,10,EOsKfo,2025-05-30T00:35:00Z,Ferroviária,Botafogo-SP,1,1,completed,,sofascore_api,api/v1/unique-tournament/390/season/{}/events/round/{},https://www.sofascore.com/football/match/ferroviaria-botafogo-sp/EOsKfo,score_confirmed,2026-05-07T16:24:27.935602Z,,,,,,,
2025,serie_b,10,wPsokeb,2025-05-30T22:00:00Z,Vila Nova FC,Grêmio Novorizontino,0,1,completed,,sofascore_api,api/v1/unique-tournament/390/season/{}/events/round/{},https://www.sofascore.com/football/match/novorizontino-vila-nova-fc/wPsokeb,score_confirmed,2026-05-07T16:24:27.935617Z,,,,,,,
2025,serie_b,10,HOspWc,2025-05-31T19:00:00Z,Coritiba,Avaí,2,1,completed,,sofascore_api,api/v1/unique-tournament/390/season/{}/events/round/{},https://www.sofascore.com/football/match/avai-coritiba/HOspWc,score_confirmed,2026-05-07T16:24:27.935626Z,,,,,,,
2025,serie_b,10,kOsoWc,2025-05-31T21:30:00Z,Atlético Goianiense,Goiás,1,2,completed,,sofascore_api,api/v1/unique-tournament/390/season/{}/events/round/{},https://www.sofascore.com/football/match/atletico-goianiense-goias/kOsoWc,score_confirmed,2026-05-07T16:24:27.935635Z,,,,,,,
2025,serie_b,10,cJusAfMc,2025-05-31T23:30:00Z,Athletic Club,Cuiabá,0,2,completed,,sofascore_api,api/v1/unique-tournament/390/season/{}/events/round/{},https://www.sofascore.com/football/match/athletic-club-cuiaba/cJusAfMc,score_confirmed,2026-05-07T16:24:27.935643Z,,,,,,,
2025,serie_b,10,rOsJRp,2025-06-01T19:00:00Z,Operário-PR,Athletico,2,2,completed,,sofascore_api,api/v1/unique-tournament/390/season/{}/events/round/{},https://www.sofascore.com/football/match/operario-pr-athletico/rOsJRp,score_confirmed,2026-05-07T16:24:27.935651Z,,,,,,,
2025,serie_b,10,mPsHPi,2025-06-01T21:00:00Z,CRB,Remo,2,0,completed,,sofascore_api,api/v1/unique-tournament/390/season/{}/events/round/{},https://www.sofascore.com/football/match/crb-remo/mPsHPi,score_confirmed,2026-05-07T16:24:27.935659Z,,,,,,,
2025,serie_b,10,yOsHOc,2025-06-01T23:30:00Z,Volta Redonda,América Mineiro,1,0,completed,,sofascore_api,api/v1/unique-tournament/390/season/{}/events/round/{},https://www.sofascore.com/football/match/volta-redonda-america-mineiro/yOsHOc,score_confirmed,2026-05-07T16:24:27.935666Z,,,,,,,
2025,serie_b,10,VLisoIJc,2025-06-02T22:00:00Z,Chapecoense,Amazonas FC,4,0,completed,,sofascore_api,api/v1/unique-tournament/390/season/{}/events/round/{},https://www.sofascore.com/football/match/amazonas-fc-chapecoense/VLisoIJc,score_confirmed,2026-05-07T16:24:27.935681Z,,,,,,,
2025,serie_b,10,JOsXO,2025-06-03T00:00:00Z,Paysandu SC,Criciúma,0,1,completed,,sofascore_api,api/v1/unique-tournament/390/season/{}/events/round/{},https://www.sofascore.com/football/match/paysandu-sc-criciuma/JOsXO,score_confirmed,2026-05-07T16:24:27.935689Z,,,,,,,
2025,serie_b,11,EOsHO,2025-06-05T21:00:00Z,Botafogo-SP,Coritiba,0,0,completed,,sofascore_api,api/v1/unique-tournament/390/season/{}/events/round/{},https://www.sofascore.com/football/match/coritiba-botafogo-sp/EOsHO,score_confirmed,2026-05-07T16:24:28.248543Z,,,,,,,
2025,serie_b,11,VLisokeb,2025-06-06T22:00:00Z,Grêmio Novorizontino,Chapecoense,1,0,completed,,sofascore_api,api/v1/unique-tournament/390/season/{}/events/round/{},https://www.sofascore.com/football/match/novorizontino-chapecoense/VLisokeb,score_confirmed,2026-05-07T16:24:28.248569Z,,,,,,,
2025,serie_b,11,XOscJu,2025-06-07T00:35:00Z,Cuiabá,Paysandu SC,1,0,completed,,sofascore_api,api/v1/unique-tournament/390/season/{}/events/round/{},https://www.sofascore.com/football/match/cuiaba-paysandu-sc/XOscJu,score_confirmed,2026-05-07T16:24:28.248586Z,,,,,,,
2025,serie_b,11,yOsKfo,2025-06-07T19:00:00Z,América Mineiro,Ferroviária,1,2,completed,,sofascore_api,api/v1/unique-tournament/390/season/{}/events/round/{},https://www.sofascore.com/football/match/ferroviaria-america-mineiro/yOsKfo,score_confirmed,2026-05-07T16:24:28.248605Z,,,,,,,
2025,serie_b,11,pWcsHPi,2025-06-07T23:30:00Z,Avaí,CRB,1,0,completed,,sofascore_api,api/v1/unique-tournament/390/season/{}/events/round/{},https://www.sofascore.com/football/match/crb-avai/pWcsHPi,score_confirmed,2026-05-07T16:24:28.248620Z,,,,,,,
2025,serie_b,11,kOsHOc,2025-06-08T19:00:00Z,Goiás,Volta Redonda,2,0,completed,,sofascore_api,api/v1/unique-tournament/390/season/{}/events/round/{},https://www.sofascore.com/football/match/volta-redonda-goias/kOsHOc,score_confirmed,2026-05-07T16:24:28.248635Z,,,,,,,
2025,serie_b,11,rOsoWc,2025-06-08T21:00:00Z,Athletico,Atlético Goianiense,0,1,completed,,sofascore_api,api/v1/unique-tournament/390/season/{}/events/round/{},https://www.sofascore.com/football/match/atletico-goianiense-athletico/rOsoWc,score_confirmed,2026-05-07T16:24:28.248649Z,,,,,,,
2025,serie_b,11,mPsJRp,2025-06-08T22:00:00Z,Remo,Operário-PR,2,1,completed,,sofascore_api,api/v1/unique-tournament/390/season/{}/events/round/{},https://www.sofascore.com/football/match/operario-pr-remo/mPsJRp,score_confirmed,2026-05-07T16:24:28.248662Z,,,,,,,
2025,serie_b,11,JOswP,2025-06-09T22:00:00Z,Criciúma,Vila Nova FC,1,0,completed,,sofascore_api,api/v1/unique-tournament/390/season/{}/events/round/{},https://www.sofascore.com/football/match/vila-nova-fc-criciuma/JOswP,score_confirmed,2026-05-07T16:24:28.248678Z,,,,,,,
2025,serie_b,11,oIJcsAfMc,2025-06-09T22:30:00Z,Amazonas FC,Athletic Club,1,0,completed,,sofascore_api,api/v1/unique-tournament/390/season/{}/events/round/{},https://www.sofascore.com/football/match/athletic-club-amazonas-fc/oIJcsAfMc,score_confirmed,2026-05-07T16:24:28.248692Z,,,,,,,
2025,serie_b,12,yOswP,2025-06-13T22:00:00Z,Vila Nova FC,América Mineiro,0,3,completed,,sofascore_api,api/v1/unique-tournament/390/season/{}/events/round/{},https://www.sofascore.com/football/match/vila-nova-fc-america-mineiro/yOswP,score_confirmed,2026-05-07T16:24:28.561847Z,,,,,,,
2025,serie_b,12,EOsXO,2025-06-14T00:35:00Z,Paysandu SC,Botafogo-SP,1,0,completed,,sofascore_api,api/v1/unique-tournament/390/season/{}/events/round/{},https://www.sofascore.com/football/match/paysandu-sc-botafogo-sp/EOsXO,score_confirmed,2026-05-07T16:24:28.561876Z,,,,,,,
2025,serie_b,12,kOsHPi,2025-06-14T19:00:00Z,CRB,Goiás,2,0,completed,,sofascore_api,api/v1/unique-tournament/390/season/{}/events/round/{},https://www.sofascore.com/football/match/crb-goias/kOsHPi,score_confirmed,2026-05-07T16:24:28.561892Z,,,,,,,
2025,serie_b,12,rOsmP,2025-06-14T21:30:00Z,Athletico,Remo,2,1,completed,,sofascore_api,api/v1/unique-tournament/390/season/{}/events/round/{},https://www.sofascore.com/football/match/remo-athletico/rOsmP,score_confirmed,2026-05-07T16:24:28.561908Z,,,,,,,
2025,serie_b,12,JRpsAfMc,2025-06-14T23:30:00Z,Athletic Club,Operário-PR,2,1,completed,,sofascore_api,api/v1/unique-tournament/390/season/{}/events/round/{},https://www.sofascore.com/football/match/athletic-club-operario-pr/JRpsAfMc,score_confirmed,2026-05-07T16:24:28.561923Z,,,,,,,
2025,serie_b,12,HOsoWc,2025-06-15T19:00:00Z,Atlético Goianiense,Coritiba,0,0,completed,,sofascore_api,api/v1/unique-tournament/390/season/{}/events/round/{},https://www.sofascore.com/football/match/atletico-goianiense-coritiba/HOsoWc,score_confirmed,2026-05-07T16:24:28.561937Z,,,,,,,
2025,serie_b,12,cJusokeb,2025-06-15T19:00:00Z,Grêmio Novorizontino,Cuiabá,3,0,completed,,sofascore_api,api/v1/unique-tournament/390/season/{}/events/round/{},https://www.sofascore.com/football/match/novorizontino-cuiaba/cJusokeb,score_confirmed,2026-05-07T16:24:28.561952Z,,,,,,,
2025,serie_b,12,JOsoIJc,2025-06-15T23:30:00Z,Criciúma,Amazonas FC,3,2,completed,,sofascore_api,api/v1/unique-tournament/390/season/{}/events/round/{},https://www.sofascore.com/football/match/amazonas-fc-criciuma/JOsoIJc,score_confirmed,2026-05-07T16:24:28.561966Z,,,,,,,
2025,serie_b,12,VLisKfo,2025-06-16T22:00:00Z,Chapecoense,Ferroviária,2,1,completed,,sofascore_api,api/v1/unique-tournament/390/season/{}/events/round/{},https://www.sofascore.com/football/match/ferroviaria-chapecoense/VLisKfo,score_confirmed,2026-05-07T16:24:28.561980Z,,,,,,,
2025,serie_b,12,HOcspWc,2025-06-17T22:30:00Z,Volta Redonda,Avaí,1,1,completed,,sofascore_api,api/v1/unique-tournament/390/season/{}/events/round/{},https://www.sofascore.com/football/match/avai-volta-redonda/HOcspWc,score_confirmed,2026-05-07T16:24:28.561994Z,,,,,,,
2025,serie_b,13,EOsVLi,2025-06-20T22:00:00Z,Botafogo-SP,Chapecoense,1,0,completed,,sofascore_api,api/v1/unique-tournament/390/season/{}/events/round/{},https://www.sofascore.com/football/match/chapecoense-botafogo-sp/EOsVLi,score_confirmed,2026-05-07T16:24:28.865105Z,,,,,,,
2025,serie_b,13,yOsJO,2025-06-21T00:35:00Z,América Mineiro,Criciúma,1,1,completed,,sofascore_api,api/v1/unique-tournament/390/season/{}/events/round/{},https://www.sofascore.com/football/match/criciuma-america-mineiro/yOsJO,score_confirmed,2026-05-07T16:24:28.865135Z,,,,,,,
2025,serie_b,13,rOspWc,2025-06-21T19:00:00Z,Avaí,Athletico,1,2,completed,,sofascore_api,api/v1/unique-tournament/390/season/{}/events/round/{},https://www.sofascore.com/football/match/avai-athletico/rOspWc,score_confirmed,2026-05-07T16:24:28.865153Z,,,,,,,
2025,serie_b,13,XOsmP,2025-06-21T21:30:00Z,Remo,Paysandu SC,0,1,completed,,sofascore_api,api/v1/unique-tournament/390/season/{}/events/round/{},https://www.sofascore.com/football/match/remo-paysandu-sc/XOsmP,score_confirmed,2026-05-07T16:24:28.865176Z,,,,,,,
2025,serie_b,13,HPisKfo,2025-06-21T23:30:00Z,Ferroviária,CRB,1,0,completed,,sofascore_api,api/v1/unique-tournament/390/season/{}/events/round/{},https://www.sofascore.com/football/match/ferroviaria-crb/HPisKfo,score_confirmed,2026-05-07T16:24:28.865192Z,,,,,,,
2025,serie_b,13,HOcsoWc,2025-06-22T19:00:00Z,Atlético Goianiense,Volta Redonda,2,0,completed,,sofascore_api,api/v1/unique-tournament/390/season/{}/events/round/{},https://www.sofascore.com/football/match/atletico-goianiense-volta-redonda/HOcsoWc,score_confirmed,2026-05-07T16:24:28.865207Z,,,,,,,
2025,serie_b,13,HOscJu,2025-06-22T19:00:00Z,Coritiba,Cuiabá,2,0,completed,,sofascore_api,api/v1/unique-tournament/390/season/{}/events/round/{},https://www.sofascore.com/football/match/cuiaba-coritiba/HOscJu,score_confirmed,2026-05-07T16:24:28.865222Z,,,,,,,
2025,serie_b,13,wPsoIJc,2025-06-22T21:00:00Z,Amazonas FC,Vila Nova FC,2,1,completed,,sofascore_api,api/v1/unique-tournament/390/season/{}/events/round/{},https://www.sofascore.com/football/match/amazonas-fc-vila-nova-fc/wPsoIJc,score_confirmed,2026-05-07T16:24:28.865239Z,,,,,,,
2025,serie_b,13,JRpsokeb,2025-06-23T22:00:00Z,Operário-PR,Grêmio Novorizontino,2,0,completed,,sofascore_api,api/v1/unique-tournament/390/season/{}/events/round/{},https://www.sofascore.com/football/match/novorizontino-operario-pr/JRpsokeb,score_confirmed,2026-05-07T16:24:28.865256Z,,,,,,,
2025,serie_b,13,kOsAfMc,2025-06-24T00:00:00Z,Goiás,Athletic Club,1,2,completed,,sofascore_api,api/v1/unique-tournament/390/season/{}/events/round/{},https://www.sofascore.com/football/match/athletic-club-goias/kOsAfMc,score_confirmed,2026-05-07T16:24:28.865273Z,,,,,,,
2025,serie_b,14,yOsHPi,2025-06-27T00:35:00Z,CRB,América Mineiro,1,2,completed,,sofascore_api,api/v1/unique-tournament/390/season/{}/events/round/{},https://www.sofascore.com/football/match/crb-america-mineiro/yOsHPi,score_confirmed,2026-05-07T16:24:29.229332Z,,,,,,,
2025,serie_b,14,JOspWc,2025-06-27T23:30:00Z,Criciúma,Avaí,1,2,completed,,sofascore_api,api/v1/unique-tournament/390/season/{}/events/round/{},https://www.sofascore.com/football/match/avai-criciuma/JOspWc,score_confirmed,2026-05-07T16:24:29.229366Z,,,,,,,
2025,serie_b,14,XOsKfo,2025-06-30T22:00:00Z,Paysandu SC,Ferroviária,2,1,completed,,sofascore_api,api/v1/unique-tournament/390/season/{}/events/round/{},https://www.sofascore.com/football/match/ferroviaria-paysandu-sc/XOsKfo,score_confirmed,2026-05-07T16:24:29.229498Z,,,,,,,
2025,serie_b,14,wPsoWc,2025-06-28T19:00:00Z,Vila Nova FC,Atlético Goianiense,1,0,completed,,sofascore_api,api/v1/unique-tournament/390/season/{}/events/round/{},https://www.sofascore.com/football/match/atletico-goianiense-vila-nova-fc/wPsoWc,score_confirmed,2026-05-07T16:24:29.229398Z,,,,,,,
2025,serie_b,14,rOsHO,2025-06-28T21:30:00Z,Athletico,Coritiba,0,1,completed,,sofascore_api,api/v1/unique-tournament/390/season/{}/events/round/{},https://www.sofascore.com/football/match/coritiba-athletico/rOsHO,score_confirmed,2026-05-07T16:24:29.229413Z,,,,,,,
2025,serie_b,14,mPsAfMc,2025-06-29T19:00:00Z,Athletic Club,Remo,1,2,completed,,sofascore_api,api/v1/unique-tournament/390/season/{}/events/round/{},https://www.sofascore.com/football/match/athletic-club-remo/mPsAfMc,score_confirmed,2026-05-07T16:24:29.229429Z,,,,,,,
2025,serie_b,14,HOcsJRp,2025-06-29T19:00:00Z,Volta Redonda,Operário-PR,1,0,completed,,sofascore_api,api/v1/unique-tournament/390/season/{}/events/round/{},https://www.sofascore.com/football/match/operario-pr-volta-redonda/HOcsJRp,score_confirmed,2026-05-07T16:24:29.229449Z,,,,,,,
2025,serie_b,14,kOsVLi,2025-06-29T22:00:00Z,Chapecoense,Goiás,1,2,completed,,sofascore_api,api/v1/unique-tournament/390/season/{}/events/round/{},https://www.sofascore.com/football/match/chapecoense-goias/kOsVLi,score_confirmed,2026-05-07T16:24:29.229467Z,,,,,,,
2025,serie_b,14,okebsoIJc,2025-06-29T22:00:00Z,Grêmio Novorizontino,Amazonas FC,1,1,completed,,sofascore_api,api/v1/unique-tournament/390/season/{}/events/round/{},https://www.sofascore.com/football/match/amazonas-fc-novorizontino/okebsoIJc,score_confirmed,2026-05-07T16:24:29.229482Z,,,,,,,
2025,serie_b,14,EOscJu,2025-07-01T00:00:00Z,Cuiabá,Botafogo-SP,0,1,completed,,sofascore_api,api/v1/unique-tournament/390/season/{}/events/round/{},https://www.sofascore.com/football/match/cuiaba-botafogo-sp/EOscJu,score_confirmed,2026-05-07T16:24:29.229511Z,,,,,,,
2025,serie_b,15,oWcsHPi,2025-07-04T00:35:00Z,Atlético Goianiense,CRB,2,1,completed,,sofascore_api,api/v1/unique-tournament/390/season/{}/events/round/{},https://www.sofascore.com/football/match/crb-atletico-goianiense/oWcsHPi,score_confirmed,2026-05-07T16:24:29.538067Z,,,,,,,
2025,serie_b,15,HOsHOc,2025-07-04T22:00:00Z,Coritiba,Volta Redonda,2,0,completed,,sofascore_api,api/v1/unique-tournament/390/season/{}/events/round/{},https://www.sofascore.com/football/match/volta-redonda-coritiba/HOsHOc,score_confirmed,2026-05-07T16:24:29.538199Z,,,,,,,
2025,serie_b,15,mPscJu,2025-07-05T19:00:00Z,Remo,Cuiabá,0,0,completed,,sofascore_api,api/v1/unique-tournament/390/season/{}/events/round/{},https://www.sofascore.com/football/match/cuiaba-remo/mPscJu,score_confirmed,2026-05-07T16:24:29.538216Z,,,,,,,
2025,serie_b,15,XOspWc,2025-07-05T22:30:00Z,Avaí,Paysandu SC,0,0,completed,,sofascore_api,api/v1/unique-tournament/390/season/{}/events/round/{},https://www.sofascore.com/football/match/avai-paysandu-sc/XOspWc,score_confirmed,2026-05-07T16:24:29.538229Z,,,,,,,
2025,serie_b,15,rOsoIJc,2025-07-05T23:30:00Z,Amazonas FC,Athletico,0,1,completed,,sofascore_api,api/v1/unique-tournament/390/season/{}/events/round/{},https://www.sofascore.com/football/match/amazonas-fc-athletico/rOsoIJc,score_confirmed,2026-05-07T16:24:29.538240Z,,,,,,,
2025,serie_b,15,wPsKfo,2025-07-06T19:00:00Z,Ferroviária,Vila Nova FC,1,3,completed,,sofascore_api,api/v1/unique-tournament/390/season/{}/events/round/{},https://www.sofascore.com/football/match/ferroviaria-vila-nova-fc/wPsKfo,score_confirmed,2026-05-07T16:24:29.538262Z,,,,,,,
2025,serie_b,15,EOsokeb,2025-07-06T21:30:00Z,Botafogo-SP,Grêmio Novorizontino,0,0,completed,,sofascore_api,api/v1/unique-tournament/390/season/{}/events/round/{},https://www.sofascore.com/football/match/novorizontino-botafogo-sp/EOsokeb,score_confirmed,2026-05-07T16:24:29.538273Z,,,,,,,
2025,serie_b,15,VLisJRp,2025-07-07T22:00:00Z,Operário-PR,Chapecoense,1,2,completed,,sofascore_api,api/v1/unique-tournament/390/season/{}/events/round/{},https://www.sofascore.com/football/match/operario-pr-chapecoense/VLisJRp,score_confirmed,2026-05-07T16:24:29.538286Z,,,,,,,
2025,serie_b,15,yOsAfMc,2025-07-08T00:00:00Z,América Mineiro,Athletic Club,0,1,completed,,sofascore_api,api/v1/unique-tournament/390/season/{}/events/round/{},https://www.sofascore.com/football/match/athletic-club-america-mineiro/yOsAfMc,score_confirmed,2026-05-07T16:24:29.538298Z,,,,,,,
2025,serie_b,15,kOsJO,2025-07-08T22:30:00Z,Goiás,Criciúma,1,1,completed,,sofascore_api,api/v1/unique-tournament/390/season/{}/events/round/{},https://www.sofascore.com/football/match/criciuma-goias/kOsJO,score_confirmed,2026-05-07T16:24:29.538317Z,,,,,,,
2025,serie_b,16,HOsHPi,2025-07-11T00:35:00Z,CRB,Coritiba,0,1,completed,,sofascore_api,api/v1/unique-tournament/390/season/{}/events/round/{},https://www.sofascore.com/football/match/crb-coritiba/HOsHPi,score_confirmed,2026-05-07T16:24:29.828864Z,,,,,,,
2025,serie_b,16,wPsJRp,2025-07-11T22:00:00Z,Vila Nova FC,Operário-PR,0,0,completed,,sofascore_api,api/v1/unique-tournament/390/season/{}/events/round/{},https://www.sofascore.com/football/match/operario-pr-vila-nova-fc/wPsJRp,score_confirmed,2026-05-07T16:24:29.828894Z,,,,,,,
2025,serie_b,16,yOsokeb,2025-07-12T19:00:00Z,Grêmio Novorizontino,América Mineiro,3,1,completed,,sofascore_api,api/v1/unique-tournament/390/season/{}/events/round/{},https://www.sofascore.com/football/match/novorizontino-america-mineiro/yOsokeb,score_confirmed,2026-05-07T16:24:29.828910Z,,,,,,,
2025,serie_b,16,XOsoWc,2025-07-12T21:30:00Z,Paysandu SC,Atlético Goianiense,2,2,completed,,sofascore_api,api/v1/unique-tournament/390/season/{}/events/round/{},https://www.sofascore.com/football/match/atletico-goianiense-paysandu-sc/XOsoWc,score_confirmed,2026-05-07T16:24:29.828926Z,,,,,,,
2025,serie_b,16,kOsrO,2025-07-12T23:30:00Z,Athletico,Goiás,0,1,completed,,sofascore_api,api/v1/unique-tournament/390/season/{}/events/round/{},https://www.sofascore.com/football/match/athletico-goias/kOsrO,score_confirmed,2026-05-07T16:24:29.828942Z,,,,,,,
2025,serie_b,16,JOsKfo,2025-07-13T19:00:00Z,Criciúma,Ferroviária,2,1,completed,,sofascore_api,api/v1/unique-tournament/390/season/{}/events/round/{},https://www.sofascore.com/football/match/ferroviaria-criciuma/JOsKfo,score_confirmed,2026-05-07T16:24:29.828957Z,,,,,,,
2025,serie_b,16,mPsVLi,2025-07-13T21:30:00Z,Chapecoense,Remo,1,1,completed,,sofascore_api,api/v1/unique-tournament/390/season/{}/events/round/{},https://www.sofascore.com/football/match/chapecoense-remo/mPsVLi,score_confirmed,2026-05-07T16:24:29.828970Z,,,,,,,
2025,serie_b,16,pWcsAfMc,2025-07-14T22:00:00Z,Athletic Club,Avaí,4,0,completed,,sofascore_api,api/v1/unique-tournament/390/season/{}/events/round/{},https://www.sofascore.com/football/match/athletic-club-avai/pWcsAfMc,score_confirmed,2026-05-07T16:24:29.828984Z,,,,,,,
2025,serie_b,16,EOsHOc,2025-07-15T00:30:00Z,Botafogo-SP,Volta Redonda,0,0,completed,,sofascore_api,api/v1/unique-tournament/390/season/{}/events/round/{},https://www.sofascore.com/football/match/volta-redonda-botafogo-sp/EOsHOc,score_confirmed,2026-05-07T16:24:29.828998Z,,,,,,,
2025,serie_b,16,cJusoIJc,2025-07-15T22:30:00Z,Cuiabá,Amazonas FC,3,1,completed,,sofascore_api,api/v1/unique-tournament/390/season/{}/events/round/{},https://www.sofascore.com/football/match/amazonas-fc-cuiaba/cJusoIJc,score_confirmed,2026-05-07T16:24:29.829021Z,,,,,,,
2025,serie_b,17,HPisJRp,2025-07-17T22:30:00Z,Operário-PR,CRB,1,1,completed,,sofascore_api,api/v1/unique-tournament/390/season/{}/events/round/{},https://www.sofascore.com/football/match/operario-pr-crb/HPisJRp,score_confirmed,2026-05-07T16:24:30.092081Z,,,,,,,
2025,serie_b,17,mPsokeb,2025-07-18T00:35:00Z,Remo,Grêmio Novorizontino,1,1,completed,,sofascore_api,api/v1/unique-tournament/390/season/{}/events/round/{},https://www.sofascore.com/football/match/novorizontino-remo/mPsokeb,score_confirmed,2026-05-07T16:24:30.092098Z,,,,,,,
2025,serie_b,17,JOsoWc,2025-07-18T22:00:00Z,Atlético Goianiense,Criciúma,0,1,completed,,sofascore_api,api/v1/unique-tournament/390/season/{}/events/round/{},https://www.sofascore.com/football/match/atletico-goianiense-criciuma/JOsoWc,score_confirmed,2026-05-07T16:24:30.092108Z,,,,,,,
2025,serie_b,17,KfosAfMc,2025-07-19T00:30:00Z,Ferroviária,Athletic Club,1,2,completed,,sofascore_api,api/v1/unique-tournament/390/season/{}/events/round/{},https://www.sofascore.com/football/match/athletic-club-ferroviaria/KfosAfMc,score_confirmed,2026-05-07T16:24:30.092118Z,,,,,,,
2025,serie_b,17,kOscJu,2025-07-19T19:00:00Z,Goiás,Cuiabá,3,1,completed,,sofascore_api,api/v1/unique-tournament/390/season/{}/events/round/{},https://www.sofascore.com/football/match/cuiaba-goias/kOscJu,score_confirmed,2026-05-07T16:24:30.092126Z,,,,,,,
2025,serie_b,17,wPspWc,2025-07-19T21:30:00Z,Avaí,Vila Nova FC,1,1,completed,,sofascore_api,api/v1/unique-tournament/390/season/{}/events/round/{},https://www.sofascore.com/football/match/avai-vila-nova-fc/wPspWc,score_confirmed,2026-05-07T16:24:30.092136Z,,,,,,,
2025,serie_b,17,HOsXO,2025-07-19T21:30:00Z,Coritiba,Paysandu SC,2,5,completed,,sofascore_api,api/v1/unique-tournament/390/season/{}/events/round/{},https://www.sofascore.com/football/match/paysandu-sc-coritiba/HOsXO,score_confirmed,2026-05-07T16:24:30.092144Z,,,,,,,
2025,serie_b,17,rOsHOc,2025-07-19T23:30:00Z,Volta Redonda,Athletico,3,2,completed,,sofascore_api,api/v1/unique-tournament/390/season/{}/events/round/{},https://www.sofascore.com/football/match/volta-redonda-athletico/rOsHOc,score_confirmed,2026-05-07T16:24:30.092152Z,,,,,,,
2025,serie_b,17,EOsoIJc,2025-07-20T19:00:00Z,Amazonas FC,Botafogo-SP,3,0,completed,,sofascore_api,api/v1/unique-tournament/390/season/{}/events/round/{},https://www.sofascore.com/football/match/amazonas-fc-botafogo-sp/EOsoIJc,score_confirmed,2026-05-07T16:24:30.092160Z,,,,,,,
2025,serie_b,17,yOsVLi,2025-07-20T21:30:00Z,América Mineiro,Chapecoense,0,1,completed,,sofascore_api,api/v1/unique-tournament/390/season/{}/events/round/{},https://www.sofascore.com/football/match/chapecoense-america-mineiro/yOsVLi,score_confirmed,2026-05-07T16:24:30.092177Z,,,,,,,
2025,serie_b,18,EOsJO,2025-07-24T22:00:00Z,Botafogo-SP,Criciúma,0,2,completed,,sofascore_api,api/v1/unique-tournament/390/season/{}/events/round/{},https://www.sofascore.com/football/match/criciuma-botafogo-sp/EOsJO,score_confirmed,2026-05-07T16:24:30.350485Z,,,,,,,
2025,serie_b,18,oWcsJRp,2025-07-22T22:00:00Z,Operário-PR,Atlético Goianiense,3,0,completed,,sofascore_api,api/v1/unique-tournament/390/season/{}/events/round/{},https://www.sofascore.com/football/match/operario-pr-atletico-goianiense/oWcsJRp,score_confirmed,2026-05-07T16:24:30.350407Z,,,,,,,
2025,serie_b,18,rOsKfo,2025-07-22T23:00:00Z,Athletico,Ferroviária,1,1,completed,,sofascore_api,api/v1/unique-tournament/390/season/{}/events/round/{},https://www.sofascore.com/football/match/ferroviaria-athletico/rOsKfo,score_confirmed,2026-05-07T16:24:30.350418Z,,,,,,,
2025,serie_b,18,HOsAfMc,2025-07-23T00:30:00Z,Athletic Club,Coritiba,1,1,completed,,sofascore_api,api/v1/unique-tournament/390/season/{}/events/round/{},https://www.sofascore.com/football/match/athletic-club-coritiba/HOsAfMc,score_confirmed,2026-05-07T16:24:30.350428Z,,,,,,,
2025,serie_b,18,wPsHPi,2025-07-23T00:35:00Z,Vila Nova FC,CRB,2,0,completed,,sofascore_api,api/v1/unique-tournament/390/season/{}/events/round/{},https://www.sofascore.com/football/match/crb-vila-nova-fc/wPsHPi,score_confirmed,2026-05-07T16:24:30.350440Z,,,,,,,
2025,serie_b,18,HOcsVLi,2025-07-23T22:00:00Z,Chapecoense,Volta Redonda,4,2,completed,,sofascore_api,api/v1/unique-tournament/390/season/{}/events/round/{},https://www.sofascore.com/football/match/chapecoense-volta-redonda/HOcsVLi,score_confirmed,2026-05-07T16:24:30.350450Z,,,,,,,
2025,serie_b,18,kOsokeb,2025-07-23T22:00:00Z,Grêmio Novorizontino,Goiás,1,0,completed,,sofascore_api,api/v1/unique-tournament/390/season/{}/events/round/{},https://www.sofascore.com/football/match/novorizontino-goias/kOsokeb,score_confirmed,2026-05-07T16:24:30.350459Z,,,,,,,
2025,serie_b,18,XOsoIJc,2025-07-24T00:30:00Z,Amazonas FC,Paysandu SC,1,1,completed,,sofascore_api,api/v1/unique-tournament/390/season/{}/events/round/{},https://www.sofascore.com/football/match/amazonas-fc-paysandu-sc/XOsoIJc,score_confirmed,2026-05-07T16:24:30.350468Z,,,,,,,
2025,serie_b,18,yOscJu,2025-07-24T00:30:00Z,Cuiabá,América Mineiro,3,1,completed,,sofascore_api,api/v1/unique-tournament/390/season/{}/events/round/{},https://www.sofascore.com/football/match/cuiaba-america-mineiro/yOscJu,score_confirmed,2026-05-07T16:24:30.350476Z,,,,,,,
2025,serie_b,18,mPspWc,2025-07-25T00:35:00Z,Remo,Avaí,2,1,completed,,sofascore_api,api/v1/unique-tournament/390/season/{}/events/round/{},https://www.sofascore.com/football/match/avai-remo/mPspWc,score_confirmed,2026-05-07T16:24:30.350493Z,,,,,,,
2025,serie_b,19,XOsAfMc,2025-07-29T00:30:00Z,Paysandu SC,Athletic Club,1,1,completed,,sofascore_api,api/v1/unique-tournament/390/season/{}/events/round/{},https://www.sofascore.com/football/match/athletic-club-paysandu-sc/XOsAfMc,score_confirmed,2026-05-07T16:24:30.701347Z,,,,,,,
2025,serie_b,19,KfosJRp,2025-07-26T21:30:00Z,Ferroviária,Operário-PR,0,0,completed,,sofascore_api,api/v1/unique-tournament/390/season/{}/events/round/{},https://www.sofascore.com/football/match/operario-pr-ferroviaria/KfosJRp,score_confirmed,2026-05-07T16:24:30.701187Z,,,,,,,
2025,serie_b,19,HPisokeb,2025-07-26T23:30:00Z,CRB,Grêmio Novorizontino,4,0,completed,,sofascore_api,api/v1/unique-tournament/390/season/{}/events/round/{},https://www.sofascore.com/football/match/novorizontino-crb/HPisokeb,score_confirmed,2026-05-07T16:24:30.701206Z,,,,,,,
2025,serie_b,19,kOsmP,2025-07-30T00:35:00Z,Goiás,Remo,1,1,completed,,sofascore_api,api/v1/unique-tournament/390/season/{}/events/round/{},https://www.sofascore.com/football/match/remo-goias/kOsmP,score_confirmed,2026-05-07T16:24:30.701385Z,,,,,,,
2025,serie_b,19,HOsoIJc,2025-07-27T19:00:00Z,Coritiba,Amazonas FC,1,1,completed,,sofascore_api,api/v1/unique-tournament/390/season/{}/events/round/{},https://www.sofascore.com/football/match/amazonas-fc-coritiba/HOsoIJc,score_confirmed,2026-05-07T16:24:30.701259Z,,,,,,,
2025,serie_b,19,wPsHOc,2025-07-27T19:00:00Z,Volta Redonda,Vila Nova FC,2,1,completed,,sofascore_api,api/v1/unique-tournament/390/season/{}/events/round/{},https://www.sofascore.com/football/match/volta-redonda-vila-nova-fc/wPsHOc,score_confirmed,2026-05-07T16:24:30.701277Z,,,,,,,
2025,serie_b,19,rOsyO,2025-07-27T21:30:00Z,América Mineiro,Athletico,2,2,completed,,sofascore_api,api/v1/unique-tournament/390/season/{}/events/round/{},https://www.sofascore.com/football/match/america-mineiro-athletico/rOsyO,score_confirmed,2026-05-07T16:24:30.701294Z,,,,,,,
2025,serie_b,19,oWcsVLi,2025-07-27T22:00:00Z,Atlético Goianiense,Chapecoense,0,0,completed,,sofascore_api,api/v1/unique-tournament/390/season/{}/events/round/{},https://www.sofascore.com/football/match/chapecoense-atletico-goianiense/oWcsVLi,score_confirmed,2026-05-07T16:24:30.701312Z,,,,,,,
2025,serie_b,19,EOspWc,2025-07-28T22:00:00Z,Avaí,Botafogo-SP,5,0,completed,,sofascore_api,api/v1/unique-tournament/390/season/{}/events/round/{},https://www.sofascore.com/football/match/avai-botafogo-sp/EOspWc,score_confirmed,2026-05-07T16:24:30.701329Z,,,,,,,
2025,serie_b,19,JOscJu,2025-07-29T23:30:00Z,Criciúma,Cuiabá,1,0,completed,,sofascore_api,api/v1/unique-tournament/390/season/{}/events/round/{},https://www.sofascore.com/football/match/cuiaba-criciuma/JOscJu,score_confirmed,2026-05-07T16:24:30.701368Z,,,,,,,
